"license_issue_date","license_number","animal_s_name","species","primary_breed","secondary_breed","zip_code"
"2015-12-18T00:00:00.000","S107948","Zen","Cat","Domestic Longhair","Mix","98117"
"2016-06-14T00:00:00.000","S116503","Misty","Cat","Siberian",,"98117"
"2016-06-16T00:00:00.000","S116742","Frankie Lee Jones","Cat","Domestic Shorthair",,
"2016-08-04T00:00:00.000","S119301","Lyra","Cat","Mix",,"98121"
"2017-06-06T00:00:00.000","208553","Puck","Cat","Russian Blue",,"98107"
"2017-09-22T00:00:00.000","730786","Pepper","Cat","Domestic Shorthair",,"98146"
"2017-09-26T00:00:00.000","273798","Cathol","Cat","Domestic Shorthair",,"98108"
"2018-02-13T00:00:00.000","964371","George","Cat","Domestic Shorthair",,"98118"
"2018-02-13T00:00:00.000","964372","Jet","Cat","Domestic Shorthair",,"98118"
"2018-02-17T00:00:00.000","S140000","Wilbur","Cat","Domestic Shorthair",,"98103"
"2018-04-17T00:00:00.000","282510","Violet","Cat","Domestic Medium Hair",,"98144"
"2018-04-20T00:00:00.000","214982","Faith","Cat","Domestic Shorthair",,"98119"
"2018-04-20T00:00:00.000","214983","Tanner","Cat","Domestic Medium Hair",,"98119"
"2018-05-16T00:00:00.000","S126432","Chico","Cat","Domestic Shorthair","Mix","98122"
"2018-06-22T00:00:00.000","964224","Hudson","Cat","Domestic Shorthair",,"98118"
"2018-07-10T00:00:00.000","85322","Zen","Cat","Domestic Shorthair","Siamese","98105"
"2018-08-13T00:00:00.000","578368","Lucky","Cat","Oriental Shorthair","Mix","98106"
"2018-08-30T00:00:00.000","S121902","Buffy","Cat","Siamese","European Shorthair","98107"
"2018-08-31T00:00:00.000","S120217","Leeloo","Cat","Domestic Shorthair",,"98102"
"2018-08-31T00:00:00.000","S120218","Zorg","Cat","Domestic Shorthair",,"98102"
"2018-09-08T00:00:00.000","8000753","Digger","Cat","Domestic Longhair",,"98133"
"2018-09-12T00:00:00.000","S103858","Piper","Cat","Domestic Shorthair",,"98144"
"2018-09-16T00:00:00.000","8000965","Gamzee","Cat","Maine Coon","Mix","98103"
"2018-09-16T00:00:00.000","8000966","Nepeta","Cat","American Shorthair","Mix","98103"
"2018-10-08T00:00:00.000","273248","Cloudy","Cat","Domestic Shorthair",,"98122"
"2018-10-21T00:00:00.000","715838","Little Bear","Cat","Domestic Shorthair",,"98122"
"2018-11-18T00:00:00.000","118752","Princess","Cat","Domestic Shorthair",,"98103"
"2018-11-20T00:00:00.000","8001722","Princess","Cat","Siamese",,"98117"
"2018-12-18T00:00:00.000","8001785","Eloise","Cat","Pixie-Bob","Mix","98107"
"2019-01-04T00:00:00.000","897202","Magic","Cat","Domestic Shorthair",,"98146"
"2019-01-19T00:00:00.000","22013","Ella","Cat","Domestic Shorthair",,"98117"
"2019-01-27T00:00:00.000","8005097","Jolene","Cat","Maine Coon","Mix","98133"
"2019-02-05T00:00:00.000","S108856","Emily","Cat","Domestic Longhair",,"98115"
"2019-02-06T00:00:00.000","S151272","Mo Kitty","Cat","Domestic Shorthair","Mix","98105"
"2019-02-13T00:00:00.000","962273","Veronica","Cat","Domestic Longhair",,"98107"
"2019-02-20T00:00:00.000","282633","Mimi","Cat","Domestic Shorthair",,"98121"
"2019-02-22T00:00:00.000","817178","Sadie","Cat","Domestic Shorthair",,"98199"
"2019-02-23T00:00:00.000","S117292","Cosmos","Cat","Domestic Shorthair","Mix","98117"
"2019-02-25T00:00:00.000","8004767","Ozzie","Cat","Domestic Medium Hair",,"98107"
"2019-02-25T00:00:00.000","8004766","Mr. Pickles","Cat","Domestic Shorthair","Mix","98107"
"2019-02-25T00:00:00.000","29135","Tabby","Cat","Domestic Shorthair",,"98115"
"2019-02-25T00:00:00.000","S127322","Porsche","Cat","Domestic Medium Hair",,"98119"
"2019-02-25T00:00:00.000","351232","Bob Cat","Cat","Domestic Shorthair",,"98119"
"2019-02-26T00:00:00.000","574322","Nimbus","Cat","Domestic Shorthair",,"98122"
"2019-03-08T00:00:00.000","577523","Buster","Cat","Domestic Medium Hair",,"98108"
"2019-03-09T00:00:00.000","282739","Thalia","Cat","Domestic Shorthair","Mix","98133"
"2019-03-12T00:00:00.000","S104992","Laker","Cat","Domestic Shorthair","Mix","98105"
"2019-03-14T00:00:00.000","273516","Miley","Cat","Domestic Shorthair",,"98117"
"2019-03-19T00:00:00.000","S135598","Shadow","Cat","Domestic Medium Hair",,"98118"
"2019-03-19T00:00:00.000","8006546","Kiki","Cat","Domestic Longhair","Mix","98115"
"2019-03-20T00:00:00.000","825034","Jules","Cat","Domestic Longhair",,"98115"
"2019-03-20T00:00:00.000","433330","Zoe","Cat","American Shorthair",,"98107"
"2019-03-21T00:00:00.000","142321","Kita","Cat","Domestic Shorthair",,"98117"
"2019-03-24T00:00:00.000","8006641","Oliver","Cat","Domestic Shorthair","Mix","98126"
"2019-03-24T00:00:00.000","8006682","Hootie","Cat","Domestic Shorthair","Mix","98136"
"2019-03-25T00:00:00.000","724549","Cadbury","Cat","Pixie-Bob",,"98109"
"2019-03-25T00:00:00.000","S123294","Sofie","Cat","Domestic Shorthair",,"98109"
"2019-03-26T00:00:00.000","273159","Trixie","Cat","Domestic Shorthair",,"98199"
"2019-03-26T00:00:00.000","133718","Buddy","Cat","Domestic Shorthair",,"98115"
"2019-03-27T00:00:00.000","77348","Mia","Cat","Domestic Shorthair",,"98122"
"2019-03-28T00:00:00.000","208598","Vinney","Cat","Domestic Shorthair",,"98177"
"2019-03-30T00:00:00.000","203362","Nikita","Cat","LaPerm",,"98107"
"2019-03-31T00:00:00.000","429389","Mickey","Cat","Domestic Shorthair",,"98119"
"2019-04-01T00:00:00.000","578332","Oliver","Cat","American Shorthair",,"98136"
"2019-04-01T00:00:00.000","8006877","Ari","Cat","Domestic Shorthair","Mix","98116"
"2019-04-01T00:00:00.000","204671","FIGARO","Cat","Domestic Shorthair",,"98125"
"2019-04-01T00:00:00.000","8006895","Greyball","Cat","Domestic Shorthair","Mix","98102"
"2019-04-02T00:00:00.000","8006914","Wendy","Cat","American Shorthair","Mix","98199"
"2019-04-02T00:00:00.000","8006924","Kiki","Cat","Domestic Shorthair","Mix","98126"
"2019-04-03T00:00:00.000","S147399","Jynx","Cat","Domestic Shorthair","Mix","98122"
"2019-04-03T00:00:00.000","S147398","Benny","Cat","Domestic Longhair","Mix","98122"
"2019-04-03T00:00:00.000","8006934","Sassy","Cat","Domestic Shorthair","Mix","98133"
"2019-04-03T00:00:00.000","S147568","Dina","Cat","Domestic Longhair","Mix","98115"
"2019-04-03T00:00:00.000","8006944","Leo","Cat","Maine Coon","Mix","98199"
"2019-04-05T00:00:00.000","203631","Mooch","Cat","Domestic Shorthair",,"98199"
"2019-04-05T00:00:00.000","S148371","Toulouse","Cat","Domestic Longhair","Mix","98125"
"2019-04-05T00:00:00.000","8006968","Leia","Cat","Mix","Mix","98136"
"2019-04-05T00:00:00.000","8006969","Yoda","Cat","Mix","Mix","98136"
"2019-04-05T00:00:00.000","8006970","Raven","Cat","Mix","Mix","98136"
"2019-04-05T00:00:00.000","S129360","Minnie","Cat","Domestic Medium Hair","Mix","98119"
"2019-04-05T00:00:00.000","S129635","Izzy","Cat","Domestic Medium Hair",,"98199"
"2019-04-05T00:00:00.000","S126685","Figaro","Cat","Domestic Shorthair","Mix","98199"
"2019-04-06T00:00:00.000","S130577","Monte","Cat","Domestic Shorthair","Mix","98107"
"2019-04-06T00:00:00.000","8006983","Churro","Cat","Domestic Shorthair","Mix","98109"
"2019-04-06T00:00:00.000","203679","Bowie","Cat","Domestic Shorthair",,"98199"
"2019-04-06T00:00:00.000","85385","Mix","Cat","Domestic Shorthair",,"98116"
"2019-04-06T00:00:00.000","203628","Boone","Cat","Norwegian Forest","Mix","98144"
"2019-04-06T00:00:00.000","211522","MJ","Cat","Domestic Longhair",,"98115"
"2019-04-06T00:00:00.000","S150427","Gideon","Cat","Domestic Shorthair","Mix","98109"
"2019-04-06T00:00:00.000","S150428","Smokey","Cat","Domestic Shorthair","Mix","98121"
"2019-04-06T00:00:00.000","S150429","Mungulu","Cat","Domestic Shorthair","Mix","98102"
"2019-04-06T00:00:00.000","215108","Bubba","Cat","Domestic Medium Hair","Mix","98115"
"2019-04-06T00:00:00.000","142547","Gizmo","Cat","Domestic Medium Hair","Mix","98146"
"2019-04-06T00:00:00.000","142546","Freda","Cat","Domestic Medium Hair","Mix","98146"
"2019-04-06T00:00:00.000","208723","Ms. Ringtail","Cat","Domestic Shorthair",,"98122"
"2019-04-06T00:00:00.000","S129666","Luna","Cat","Domestic Shorthair",,"98106"
"2019-04-06T00:00:00.000","203616","Suki","Cat","Domestic Shorthair",,"98107"
"2019-04-06T00:00:00.000","208573","Paykel","Cat","Siamese","Domestic Shorthair","98112"
"2019-04-06T00:00:00.000","142772","Max","Cat","Domestic Shorthair",,"98103"
"2019-04-06T00:00:00.000","142773","Fred","Cat","Domestic Shorthair",,"98103"
"2019-04-06T00:00:00.000","215297","Sir Niles","Cat","Domestic Longhair",,"98109"
"2019-04-06T00:00:00.000","8007006","Sweetheart","Cat","Domestic Shorthair","Mix","98116"
"2019-04-06T00:00:00.000","203190","Cocoa","Cat","Domestic Medium Hair","Mix","98119"
"2019-04-06T00:00:00.000","198683","Chloe","Cat","Domestic Shorthair",,"98107"
"2019-04-06T00:00:00.000","198682","Phoebe","Cat","Domestic Shorthair",,"98107"
"2019-04-06T00:00:00.000","S130265","Mona","Cat","Persian",,"98115"
"2019-04-07T00:00:00.000","S142781","La'Che","Cat","Domestic Shorthair","Mix","98102"
"2019-04-07T00:00:00.000","142760","Peach","Cat","Domestic Medium Hair",,"98103"
"2019-04-07T00:00:00.000","S129612","Pippin","Cat","Domestic Shorthair",,"98101"
"2019-04-07T00:00:00.000","202728","Lila","Cat","Korat",,"98103"
"2019-04-07T00:00:00.000","203835","Lucy","Cat","Korat",,"98103"
"2019-04-07T00:00:00.000","S147571","Sheba","Cat","Domestic Shorthair","Mix","98133"
"2019-04-07T00:00:00.000","199253","Sasha","Cat","Domestic Longhair",,"98117"
"2019-04-07T00:00:00.000","199254","Henry","Cat","Domestic Medium Hair",,"98117"
"2019-04-07T00:00:00.000","S129415","Tallulah","Cat","Mix",,"98103"
"2019-04-07T00:00:00.000","S129414","Esmeralda","Cat","Mix",,"98103"
"2019-04-07T00:00:00.000","S151359","Olive","Cat","Domestic Shorthair","Mix","98101"
"2019-04-07T00:00:00.000","8007045","Cornelius Archibald Taylor","Cat","Mix","Maine Coon","98107"
"2019-04-07T00:00:00.000","8007046","Calamity Anne Taylor","Cat","Mix","Maine Coon","98107"
"2019-04-07T00:00:00.000","8007049","Jet","Cat","Domestic Shorthair",,"98119"
"2019-04-08T00:00:00.000","210765","Monkey","Cat","Domestic Shorthair",,"98125"
"2019-04-08T00:00:00.000","208400","Sabella","Cat","Domestic Longhair","Maine Coon","98117"
"2019-04-08T00:00:00.000","208399","Bode","Cat","Domestic Medium Hair","Maine Coon","98117"
"2019-04-08T00:00:00.000","217900","Fe","Cat","Domestic Shorthair",,"98146"
"2019-04-08T00:00:00.000","S129585","Aggie","Cat","Domestic Shorthair","Mix","98101"
"2019-04-08T00:00:00.000","208393","Molly","Cat","Domestic Longhair",,"98107"
"2019-04-08T00:00:00.000","8007062","Galileo","Cat","Domestic Shorthair","Mix","98122"
"2019-04-08T00:00:00.000","S129555","Mookie Blalock","Cat","Bombay",,"98107"
"2019-04-08T00:00:00.000","142594","Korra","Cat","Domestic Shorthair",,"98144"
"2019-04-08T00:00:00.000","142853","Bates","Cat","Domestic Medium Hair",,"98144"
"2019-04-08T00:00:00.000","284849","Milo","Cat","Domestic Shorthair",,"98106"
"2019-04-09T00:00:00.000","203481","Princess Grace","Cat","Ragdoll","Manx","98133"
"2019-04-09T00:00:00.000","142579","Lily","Cat","Domestic Shorthair",,"98122"
"2019-04-09T00:00:00.000","142598","Poly","Cat","Domestic Shorthair",,"98112"
"2019-04-09T00:00:00.000","215286","Zasu","Cat","Domestic Medium Hair",,"98125"
"2019-04-09T00:00:00.000","203765","Annie","Cat","Domestic Shorthair",,"98107"
"2019-04-09T00:00:00.000","142577","Louise","Cat","Domestic Shorthair",,"98126"
"2019-04-09T00:00:00.000","142576","Frederick","Cat","Siamese",,"98126"
"2019-04-09T00:00:00.000","202513","Bella","Cat","Domestic Shorthair","Bengal","98199"
"2019-04-09T00:00:00.000","204920","Alice","Cat","Domestic Shorthair",,"98115"
"2019-04-09T00:00:00.000","203669","Milo","Cat","Domestic Shorthair",,"98116"
"2019-04-09T00:00:00.000","198645","Eli","Cat","Domestic Longhair",,"98118"
"2019-04-09T00:00:00.000","8007101","Samantha","Cat","Siamese","Mix","98118"
"2019-04-09T00:00:00.000","204619","Zuma","Cat","Domestic Shorthair",,"98199"
"2019-04-09T00:00:00.000","202623","Libby","Cat","Domestic Shorthair",,"98107"
"2019-04-09T00:00:00.000","202622","Blenducci","Cat","Domestic Shorthair",,"98107"
"2019-04-09T00:00:00.000","85391","Marrow","Cat","American Shorthair",,"98105"
"2019-04-09T00:00:00.000","208592","Clementine","Cat","Domestic Shorthair",,"98126"
"2019-04-09T00:00:00.000","8007107","Clyde","Cat","Domestic Longhair","Mix","98126"
"2019-04-09T00:00:00.000","204980","Joules","Cat","American Shorthair",,"98125"
"2019-04-09T00:00:00.000","199461","Emmaline","Cat","Domestic Shorthair",,"98178"
"2019-04-09T00:00:00.000","203577","Rudy","Cat","Domestic Shorthair",,"98178"
"2019-04-10T00:00:00.000","217798","Mina","Cat","Domestic Medium Hair",,"98115"
"2019-04-10T00:00:00.000","142748","Loki","Cat","Domestic Medium Hair",,"98116"
"2019-04-10T00:00:00.000","142749","Moli","Cat","Domestic Shorthair",,"98116"
"2019-04-10T00:00:00.000","8007117","Doon","Cat","American Shorthair","Mix","98117"
"2019-04-10T00:00:00.000","S151370","Nadia","Cat","Domestic Shorthair","Mix","98126"
"2019-04-10T00:00:00.000","8007123","Keke","Cat","Burmese","Siamese","98133"
"2019-04-10T00:00:00.000","S151371","Mitzee","Cat","Domestic Shorthair","Mix","98107"
"2019-04-10T00:00:00.000","S151372","Dixie","Cat","Domestic Longhair","Mix","98102"
"2019-04-10T00:00:00.000","284876","Remmy","Cat","Domestic Shorthair",,"98146"
"2019-04-10T00:00:00.000","S129377","Shadow","Cat","Domestic Shorthair","Mix","98109"
"2019-04-10T00:00:00.000","208145","Abu Tu","Cat","Domestic Shorthair",,"98104"
"2019-04-10T00:00:00.000","208188","Friday","Cat","Manx",,"98112"
"2019-04-10T00:00:00.000","8007125","Alvin Jones (Vinny)","Cat","American Shorthair","Mix","98103"
"2019-04-10T00:00:00.000","S130232","Cammie","Cat","Burmese","Bombay","98101"
"2019-04-11T00:00:00.000","214918","Caper","Cat","Domestic Shorthair",,"98115"
"2019-04-11T00:00:00.000","211624","Piper","Cat","Balinese",,"98106"
"2019-04-11T00:00:00.000","204950","Quincy","Cat","Ragdoll",,"98177"
"2019-04-11T00:00:00.000","214988","Babette","Cat","Domestic Shorthair",,"98107"
"2019-04-11T00:00:00.000","S130076","Fredrick","Cat","Domestic Medium Hair",,"98115"
"2019-04-11T00:00:00.000","S129320","Smokey","Cat","Domestic Shorthair","Mix","98146"
"2019-04-11T00:00:00.000","8007158","Soba","Cat","Domestic Shorthair","Mix","98107"
"2019-04-11T00:00:00.000","8007159","Yuki","Cat","Domestic Shorthair","Mix","98107"
"2019-04-12T00:00:00.000","S129557","BeeBee","Cat","Domestic Shorthair","Mix","98107"
"2019-04-12T00:00:00.000","210731","Parker","Cat","Domestic Shorthair",,"98115"
"2019-04-12T00:00:00.000","210750","Shayna","Cat","Domestic Shorthair",,"98125"
"2019-04-12T00:00:00.000","586617","Milkdud","Cat","Singapura",,"98122"
"2019-04-12T00:00:00.000","S129326","Feisty","Cat","Domestic Medium Hair","Mix","98106"
"2019-04-12T00:00:00.000","S129327","Fuzzy","Cat","Domestic Medium Hair","Mix","98106"
"2019-04-12T00:00:00.000","8007165","Roo","Cat","Domestic Shorthair","Mix","98117"
"2019-04-12T00:00:00.000","203471","Heidi","Cat","Domestic Shorthair",,"98107"
"2019-04-12T00:00:00.000","203472","Trouble","Cat","Domestic Shorthair",,"98107"
"2019-04-12T00:00:00.000","S129334","Lili","Cat","Domestic Longhair","Mix","98103"
"2019-04-13T00:00:00.000","S142783","Barney","Cat","Domestic Shorthair","Mix","98122"
"2019-04-13T00:00:00.000","S136840","Levi","Cat","Domestic Shorthair","Mix","98106"
"2019-04-13T00:00:00.000","8007178","Archie","Cat","LaPerm",,"98115"
"2019-04-13T00:00:00.000","8007179","Alfie","Cat","LaPerm",,"98115"
"2019-04-13T00:00:00.000","208765","Mirabelle","Cat","Domestic Shorthair",,"98103"
"2019-04-13T00:00:00.000","208236","Miyu","Cat","Domestic Medium Hair",,"98136"
"2019-04-13T00:00:00.000","208781","Elsie","Cat","Domestic Shorthair",,"98199"
"2019-04-13T00:00:00.000","S149266","Goldie","Cat","Domestic Shorthair","Mix","98112"
"2019-04-13T00:00:00.000","199200","Rascal","Cat","Domestic Longhair","Maine Coon","98136"
"2019-04-13T00:00:00.000","208391","Jojo","Cat","Domestic Shorthair",,"98116"
"2019-04-13T00:00:00.000","203166",,"Cat","Domestic Medium Hair",,"98119"
"2019-04-14T00:00:00.000","142788","Kiera","Cat","Domestic Longhair",,"98102"
"2019-04-14T00:00:00.000","208751","Swa","Cat","Domestic Shorthair",,"98108"
"2019-04-14T00:00:00.000","215228","Little Missy","Cat","Domestic Shorthair",,"98139"
"2019-04-14T00:00:00.000","215241","Lady Snoops","Cat","Domestic Shorthair",,"98139"
"2019-04-14T00:00:00.000","8007220","Capitan","Cat","Ragdoll",,"98119"
"2019-04-15T00:00:00.000","208130","Hermione","Cat","Domestic Shorthair",,"98103"
"2019-04-15T00:00:00.000","204339","Lilly Pad","Cat","Domestic Shorthair",,"98109"
"2019-04-15T00:00:00.000","S130107","Frankie","Cat","Siamese",,"98121"
"2019-04-15T00:00:00.000","S129194","Ryder","Cat","Domestic Shorthair",,"98103"
"2019-04-15T00:00:00.000","217823","Princess Gracie May","Cat","Domestic Shorthair",,"98115"
"2019-04-15T00:00:00.000","208587","Cinder","Cat","Domestic Shorthair",,"98119"
"2019-04-16T00:00:00.000","8007268","Hamilton","Cat","Mix","Mix","98144"
"2019-04-16T00:00:00.000","S129538","Aimee","Cat","Siamese","Mix","98125"
"2019-04-16T00:00:00.000","142559","Bodie","Cat","Maine Coon","Domestic Medium Hair","98136"
"2019-04-16T00:00:00.000","196592","Kali","Cat","Domestic Shorthair",,"98103"
"2019-04-16T00:00:00.000","284892","Willabiscuit","Cat","Domestic Medium Hair",,"98103"
"2019-04-16T00:00:00.000","204799","Jetsabelle","Cat","Domestic Shorthair",,"98178"
"2019-04-16T00:00:00.000","208389","Tom Tom","Cat","Domestic Shorthair",,"98116"
"2019-04-16T00:00:00.000","202792","Jet","Cat","Domestic Shorthair",,"98199"
"2019-04-16T00:00:00.000","208745","Jackie","Cat","Domestic Shorthair",,"98199"
"2019-04-16T00:00:00.000","204817","Nova","Cat","Siamese","Domestic Shorthair","98105"
"2019-04-16T00:00:00.000","208770","Vincent","Cat","Domestic Shorthair",,"98144"
"2019-04-16T00:00:00.000","8007276","Boston Cream Pie","Cat","American Shorthair","Siamese","98122"
"2019-04-16T00:00:00.000","8007278","Saint Fluffy Cloud","Cat","American Shorthair","Mix","98122"
"2019-04-16T00:00:00.000","204983","Zorro","Cat","Domestic Longhair",,"98102"
"2019-04-16T00:00:00.000","8007279","Hamilton","Cat","Domestic Shorthair","Mix","98109"
"2019-04-16T00:00:00.000","8007288","Endora","Cat","Domestic Shorthair","Mix","98105"
"2019-04-16T00:00:00.000","206271","Lisa","Cat","Domestic Shorthair",,"98109"
"2019-04-17T00:00:00.000","203681","Tucker","Cat","LaPerm",,"98115"
"2019-04-17T00:00:00.000","8007291","Caper","Cat","Domestic Medium Hair","Maine Coon","98125"
"2019-04-17T00:00:00.000","8007292","Nutmeg","Cat","Domestic Shorthair","Mix","98125"
"2019-04-17T00:00:00.000","S150448","Jazzy","Cat","Domestic Shorthair","Mix","98126"
"2019-04-17T00:00:00.000","S151377","Habibi","Cat","Domestic Shorthair","Mix","98115"
"2019-04-17T00:00:00.000","282786","Frida","Cat","Domestic Medium Hair",,"98107"
"2019-04-17T00:00:00.000","142746","Diego","Cat","Snowshoe",,"98107"
"2019-04-17T00:00:00.000","S150450","Spirit","Cat","Siamese","Mix","98109"
"2019-04-17T00:00:00.000","8007309","Orion","Cat","Domestic Shorthair","Mix","98102"
"2019-04-18T00:00:00.000","S142786","Cooper","Cat","Domestic Shorthair","Mix","98105"
"2019-04-18T00:00:00.000","S151383","Delilah","Cat","Domestic Shorthair","Mix","98109"
"2019-04-18T00:00:00.000","208211","Fluff","Cat","Domestic Longhair",,"98117"
"2019-04-18T00:00:00.000","8007330","Chell","Cat","American Shorthair","Mix","98106"
"2019-04-19T00:00:00.000","S126659","Chester","Cat","Domestic Shorthair","Mix","98118"
"2019-04-19T00:00:00.000","S129476","Steinbeck","Cat","American Shorthair",,"98103"
"2019-04-19T00:00:00.000","S129475","Nyx","Cat","American Shorthair",,"98103"
"2019-04-19T00:00:00.000","8007367","Rocky","Cat","Domestic Shorthair","Mix","98119"
"2019-04-19T00:00:00.000","S150455","Epona","Cat","Ragdoll","Mix","98119"
"2019-04-19T00:00:00.000","S150456","Jezebel","Cat","Domestic Shorthair","Mix","98133"
"2019-04-19T00:00:00.000","S129553","Chloe","Cat","Domestic Shorthair","Mix","98117"
"2019-04-19T00:00:00.000","S129554","Fanny","Cat","Domestic Shorthair","Mix","98117"
"2019-04-19T00:00:00.000","8007375","Emily","Cat","Maine Coon",,"98115"
"2019-04-20T00:00:00.000","S142787","Shanti","Cat","Domestic Longhair","Mix","98136"
"2019-04-20T00:00:00.000","202706","Honee","Cat","Domestic Medium Hair",,"98121"
"2019-04-20T00:00:00.000","204611","Gus","Cat","Domestic Shorthair",,"98144"
"2019-04-20T00:00:00.000","215073","Daphne","Cat","Domestic Longhair",,"98117"
"2019-04-20T00:00:00.000","215075","Sweet William","Cat","Domestic Longhair",,"98117"
"2019-04-20T00:00:00.000","208774","Callie","Cat","Domestic Shorthair",,"98117"
"2019-04-20T00:00:00.000","284867","Bodie","Cat","Domestic Shorthair",,"98117"
"2019-04-20T00:00:00.000","217650","Ava","Cat","American Shorthair",,"98117"
"2019-04-20T00:00:00.000","215220","Dragon","Cat","Domestic Shorthair",,"98178"
"2019-04-20T00:00:00.000","S129547","Sophie","Cat","Domestic Shorthair","Mix","98117"
"2019-04-20T00:00:00.000","S150471","Missy","Cat","Domestic Shorthair","Mix","98121"
"2019-04-20T00:00:00.000","8007391","Clive","Cat","Domestic Shorthair","Mix","98121"
"2019-04-20T00:00:00.000","214984","Chester","Cat","Domestic Shorthair",,"98115"
"2019-04-21T00:00:00.000","S129396","Black Beauty","Cat","Domestic Shorthair","Mix","98133"
"2019-04-21T00:00:00.000","S128396","Haru","Cat","Domestic Shorthair","Mix","98199"
"2019-04-21T00:00:00.000","129140","Willy","Cat","Domestic Shorthair",,"98107"
"2019-04-21T00:00:00.000","S151386","Casey","Cat","Domestic Shorthair","Mix","98199"
"2019-04-21T00:00:00.000","217849","Tux","Cat","LaPerm",,"98199"
"2019-04-21T00:00:00.000","8007407","Isabel","Cat","Domestic Shorthair","Mix","98126"
"2019-04-21T00:00:00.000","S126673","Mipha","Cat","Domestic Shorthair","Mix","98121"
"2019-04-21T00:00:00.000","215232","Elwha","Cat","LaPerm",,"98104"
"2019-04-21T00:00:00.000","S129717","Sinatra","Cat","Siamese",,"98115"
"2019-04-21T00:00:00.000","8007418","Teddy","Cat","Domestic Shorthair","Mix","98122"
"2019-04-22T00:00:00.000","8007432","George","Cat","Domestic Medium Hair","Mix","98133"
"2019-04-22T00:00:00.000","208647","Buddy","Cat","Domestic Longhair",,"98105"
"2019-04-22T00:00:00.000","208646","Hank","Cat","Domestic Shorthair","Mix","98105"
"2019-04-22T00:00:00.000","8007442","Cringer","Cat","Bengal","Mix","98121"
"2019-04-22T00:00:00.000","S151395","Zelda","Cat","Domestic Shorthair",,"98125"
"2019-04-22T00:00:00.000","198102","Satin","Cat","Domestic Shorthair",,"98106"
"2019-04-23T00:00:00.000","8007463","Loki","Cat","Mix","Mix","98122"
"2019-04-23T00:00:00.000","S129822","Pangur","Cat","Ragdoll","Domestic Longhair","98144"
"2019-04-23T00:00:00.000","8007468","Louie","Cat","Russian Blue",,"98105"
"2019-04-23T00:00:00.000","S138169","Lucy","Cat","Abyssinian","American Shorthair","98119"
"2019-04-23T00:00:00.000","8007489","Sissel","Cat","American Shorthair","Mix","98115"
"2019-04-23T00:00:00.000","8007491","Ava","Cat","Domestic Shorthair","Mix","98108"
"2019-04-23T00:00:00.000","8007492","Sam","Cat","Domestic Shorthair","Mix","98108"
"2019-04-24T00:00:00.000","S131851","Mayme","Cat","Siamese","Mix","98117"
"2019-04-24T00:00:00.000","8001800","Sally","Cat","Domestic Shorthair",,"98125"
"2019-04-24T00:00:00.000","202911","Tosca","Cat","LaPerm",,"98117"
"2019-04-24T00:00:00.000","202912","Luna","Cat","LaPerm",,"98117"
"2019-04-24T00:00:00.000","S130624","Boo","Cat","Bombay",,"98107"
"2019-04-24T00:00:00.000","198443","Thelma","Cat","Domestic Medium Hair",,"98105"
"2019-04-24T00:00:00.000","198444","Louise","Cat","Domestic Medium Hair",,"98105"
"2019-04-24T00:00:00.000","204594","Willow","Cat","Domestic Shorthair",,"98103"
"2019-04-24T00:00:00.000","S128787","Bella","Cat","Domestic Shorthair","Siamese","98146"
"2019-04-24T00:00:00.000","S148380","Maya","Cat","Domestic Longhair","Mix","98117"
"2019-04-24T00:00:00.000","S150479","Seamus","Cat","Domestic Shorthair","Mix","98104"
"2019-04-24T00:00:00.000","8007506","Emelia","Cat","Domestic Shorthair","Mix","98126"
"2019-04-24T00:00:00.000","215281","Trouble","Cat","Domestic Medium Hair",,"98126"
"2019-04-25T00:00:00.000","203128","Rex","Cat","Domestic Shorthair",,"98199"
"2019-04-25T00:00:00.000","S150485","Smokey","Cat","Domestic Shorthair","Mix","98126"
"2019-04-25T00:00:00.000","208534","Louie","Cat","Domestic Shorthair",,"98133"
"2019-04-25T00:00:00.000","S150486","Tori","Cat","Domestic Shorthair","Mix","98105"
"2019-04-26T00:00:00.000","210759","Jade","Cat","Domestic Shorthair",,"98125"
"2019-04-26T00:00:00.000","210758","Chai Marie","Cat","Domestic Shorthair",,"98125"
"2019-04-26T00:00:00.000","S126671","Jinx","Cat","Domestic Shorthair","Mix","98133"
"2019-04-26T00:00:00.000","208102","Felix","Cat","Domestic Shorthair",,"98108"
"2019-04-26T00:00:00.000","8007548","Marley","Cat","Domestic Shorthair","Domestic Shorthair","98199"
"2019-04-26T00:00:00.000","S148392","Bella","Cat","Domestic Shorthair","Mix","98199"
"2019-04-26T00:00:00.000","8007551","Tabby","Cat","Russian Blue","Mix","98144"
"2019-04-26T00:00:00.000","S130231","Farah","Cat","Bengal",,"98102"
"2019-04-27T00:00:00.000","142741","Chase","Cat","Domestic Shorthair",,"98125"
"2019-04-27T00:00:00.000","142742","Sammy","Cat","Domestic Shorthair",,"98125"
"2019-04-27T00:00:00.000","S126661","Stella","Cat","Domestic Shorthair","Mix","98115"
"2019-04-27T00:00:00.000","208230","Muzette","Cat","LaPerm",,"98115"
"2019-04-27T00:00:00.000","S146150","Lenea","Cat","Domestic Longhair","Mix","98122"
"2019-04-27T00:00:00.000","8007574","Mushu","Cat","Bengal","Mix","98105"
"2019-04-27T00:00:00.000","8007580","Molly","Cat","Domestic Longhair","Mix","98146"
"2019-04-28T00:00:00.000","S142794","Chloe","Cat","Domestic Shorthair","Mix","98144"
"2019-04-28T00:00:00.000","S151399","Winchester","Cat","Domestic Medium Hair","Mix","98146"
"2019-04-28T00:00:00.000","142536","Bella","Cat","Domestic Shorthair",,"98115"
"2019-04-28T00:00:00.000","S151403","Futomaki","Cat","Domestic Shorthair","Mix","98125"
"2019-04-28T00:00:00.000","284871","Buddy","Cat","Domestic Medium Hair",,"98101"
"2019-04-28T00:00:00.000","S130324","Kady","Cat","Domestic Medium Hair",,"98115"
"2019-04-29T00:00:00.000","203348","Domino","Cat","Persian","Mix","98122"
"2019-04-29T00:00:00.000","203353","Gulliver","Cat","Persian","Mix","98122"
"2019-04-29T00:00:00.000","S129361","Kahlua","Cat","Domestic Shorthair",,"98103"
"2019-04-30T00:00:00.000","199499","Lilith","Cat","Birman",,"98121"
"2019-04-30T00:00:00.000","142734","Oreo Wenburg","Cat","Domestic Medium Hair",,"98108"
"2019-04-30T00:00:00.000","215204","Niles Wenburg","Cat","American Shorthair",,"98108"
"2019-04-30T00:00:00.000","208558","Lucas","Cat","Domestic Shorthair",,"98115"
"2019-04-30T00:00:00.000","203962","Charles","Cat","Domestic Shorthair",,"98199"
"2019-04-30T00:00:00.000","203963","Mick","Cat","Domestic Shorthair",,"98199"
"2019-04-30T00:00:00.000","203603","Theoden","Cat","Domestic Medium Hair","Mix","98107"
"2019-04-30T00:00:00.000","214993","Tabitha","Cat","Siamese","Mix","98115"
"2019-04-30T00:00:00.000","142539","Moz","Cat","Domestic Shorthair",,"98101"
"2019-05-01T00:00:00.000","8007677","Ash","Cat","Domestic Longhair","Mix","98102"
"2019-05-01T00:00:00.000","8007678","Azrael","Cat","American Shorthair","Mix","98199"
"2019-05-01T00:00:00.000","8007680","Minnie","Cat","American Shorthair","Mix","98199"
"2019-05-01T00:00:00.000","S148397","Deucalion","Cat","Domestic Shorthair","Mix","98133"
"2019-05-01T00:00:00.000","217834","Nahti Majesty","Cat","Siamese","Mix","98125"
"2019-05-01T00:00:00.000","284896","Ari Bandit","Cat","Himalayan",,"98125"
"2019-05-01T00:00:00.000","S129192","Stella","Cat","Domestic Shorthair","Mix","98102"
"2019-05-01T00:00:00.000","S151410","Gambit","Cat","Chartreux",,"98102"
"2019-05-01T00:00:00.000","S151409","Arya","Cat","Domestic Shorthair",,"98102"
"2019-05-01T00:00:00.000","S148398","Mango","Cat","Domestic Shorthair","Mix","98116"
"2019-05-01T00:00:00.000","208622","BB","Cat","Domestic Medium Hair",,"98112"
"2019-05-01T00:00:00.000","142482","Georgia","Cat","Domestic Shorthair",,"98144"
"2019-05-01T00:00:00.000","204562","Reilly","Cat","Domestic Shorthair",,"98133"
"2019-05-01T00:00:00.000","204516","Thomas","Cat","Domestic Shorthair",,"98133"
"2019-05-02T00:00:00.000","S111693","Newman","Cat","Domestic Shorthair","Mix","98125"
"2019-05-02T00:00:00.000","S128779","Schmeeber","Cat","Domestic Shorthair","Mix","98106"
"2019-05-02T00:00:00.000","S128778","Eddie","Cat","Domestic Shorthair","Mix","98106"
"2019-05-02T00:00:00.000","S128788","Bella","Cat","Domestic Shorthair","Mix","98108"
"2019-05-02T00:00:00.000","S128789","Poet","Cat","Domestic Shorthair","Mix","98108"
"2019-05-03T00:00:00.000","S119777","Lily","Cat","Domestic Shorthair","Mix","98125"
"2019-05-03T00:00:00.000","8007723","Mabel","Cat","Domestic Shorthair","Mix","98106"
"2019-05-03T00:00:00.000","204878","Macy Gray","Cat","Domestic Shorthair",,"98117"
"2019-05-03T00:00:00.000","204383","Molly","Cat","Domestic Longhair",,"98125"
"2019-05-03T00:00:00.000","204382","Hailey","Cat","Domestic Longhair",,"98125"
"2019-05-03T00:00:00.000","209427","Sierra","Cat","LaPerm",,"98121"
"2019-05-03T00:00:00.000","208565","Martin","Cat","Domestic Shorthair",,"98117"
"2019-05-03T00:00:00.000","8007734","MoonShine","Cat","Domestic Medium Hair","Mix","98040"
"2019-05-04T00:00:00.000","210606","Sophie","Cat","Domestic Shorthair",,"98199"
"2019-05-04T00:00:00.000","203106","Spotty","Cat","LaPerm",,"98107"
"2019-05-04T00:00:00.000","S150509","Julius","Cat","Domestic Medium Hair","Mix","98107"
"2019-05-04T00:00:00.000","S150510","Sawyer","Cat","Domestic Shorthair","Mix","98107"
"2019-05-04T00:00:00.000","8007749","Trouble","Cat","American Shorthair","Mix","98109"
"2019-05-05T00:00:00.000","142555","No No Buddy","Cat","Domestic Shorthair",,"98115"
"2019-05-06T00:00:00.000","8007782","Greysi","Cat","Domestic Shorthair","Mix","98117"
"2019-05-06T00:00:00.000","204994","Hazel","Cat","Domestic Shorthair",,"98103"
"2019-05-06T00:00:00.000","142766","Leon","Cat","Domestic Medium Hair",,"98103"
"2019-05-07T00:00:00.000","S129191","Milo","Cat","Domestic Medium Hair","Mix","98102"
"2019-05-07T00:00:00.000","134721","AsparaGus","Cat","Domestic Shorthair",,"98115"
"2019-05-07T00:00:00.000","217858","Isis","Cat","Domestic Medium Hair",,"98121"
"2019-05-07T00:00:00.000","8007816","Frank","Cat","Domestic Shorthair",,"98136"
"2019-05-07T00:00:00.000","8007817","Chloe","Cat","Domestic Shorthair",,"98136"
"2019-05-07T00:00:00.000","S151423","Maniutek","Cat","Domestic Shorthair","Mix","98109"
"2019-05-07T00:00:00.000","8007829","Barnaby","Cat","Domestic Shorthair","Mix","98144"
"2019-05-08T00:00:00.000","142757","Picasso","Cat","Domestic Shorthair","Mix","98115"
"2019-05-08T00:00:00.000","S150513","Lulu","Cat","Exotic Shorthair",,"98118"
"2019-05-08T00:00:00.000","204620","Itsaso","Cat","Domestic Shorthair",,"98118"
"2019-05-08T00:00:00.000","S147575","Timber","Cat","Domestic Longhair","Mix","98112"
"2019-05-08T00:00:00.000","S151425","Poppy","Cat","Domestic Shorthair","Mix","98125"
"2019-05-09T00:00:00.000","8007864","Holly","Cat","Mix","Mix","98144"
"2019-05-09T00:00:00.000","272688","Tsonoqua","Cat","Domestic Shorthair","Maine Coon","98112"
"2019-05-09T00:00:00.000","S129848","Baxter Beefy Cheeks","Cat","Domestic Longhair","Mix","98103"
"2019-05-09T00:00:00.000","S131193","Smokey","Cat","Russian Blue","American Shorthair","98103"
"2019-05-09T00:00:00.000","361336","Josie","Cat","Domestic Shorthair",,"98107"
"2019-05-09T00:00:00.000","361176","Minnie minnie","Cat","Domestic Medium Hair",,"98109"
"2019-05-09T00:00:00.000","S148410","Midnight","Cat","Domestic Shorthair","Mix","98122"
"2019-05-09T00:00:00.000","361263","Peach Pie","Cat","Domestic Shorthair",,"98117"
"2019-05-09T00:00:00.000","8007874","Momo","Cat","Siamese","Mix","98116"
"2019-05-09T00:00:00.000","266465","Pie","Cat","Domestic Shorthair",,"98118"
"2019-05-09T00:00:00.000","273227","Lady Catherine","Cat","Domestic Shorthair",,"98103"
"2019-05-09T00:00:00.000","203496","Bodie","Cat","Domestic Shorthair",,"98103"
"2019-05-09T00:00:00.000","8007886","Zizou","Cat","Pixie-Bob",,"98108"
"2019-05-10T00:00:00.000","361466","Marley","Cat","Domestic Longhair","Mix","98103"
"2019-05-10T00:00:00.000","273780","Taffy","Cat","Siamese","Mix","98125"
"2019-05-10T00:00:00.000","273526","Frida","Cat","Domestic Longhair",,"98119"
"2019-05-10T00:00:00.000","361170","Miaomi","Cat","American Shorthair",,"98112"
"2019-05-10T00:00:00.000","208103","Ziggy","Cat","Domestic Shorthair",,"98125"
"2019-05-10T00:00:00.000","272727","Pica Picle","Cat","Domestic Medium Hair",,"98115"
"2019-05-10T00:00:00.000","273379","Pi","Cat","Domestic Shorthair","Russian Blue","98115"
"2019-05-10T00:00:00.000","269320","Gingerlily","Cat","Domestic Shorthair","Mix","98133"
"2019-05-10T00:00:00.000","282706","Lucy","Cat","Domestic Medium Hair",,"98118"
"2019-05-10T00:00:00.000","272785","Tonks","Cat","Domestic Shorthair",,"98117"
"2019-05-10T00:00:00.000","268463","Maggie","Cat","Domestic Shorthair",,"98115"
"2019-05-10T00:00:00.000","142786","Arthur","Cat","American Shorthair",,"98121"
"2019-05-11T00:00:00.000","S142799","Spok","Cat","Domestic Shorthair","Mix","98102"
"2019-05-11T00:00:00.000","S153122","James","Cat","Domestic Shorthair","Mix","98107"
"2019-05-11T00:00:00.000","268427","Zou Zou","Cat","Domestic Shorthair",,"98115"
"2019-05-11T00:00:00.000","S130741","Tyri","Cat","American Shorthair",,"98105"
"2019-05-11T00:00:00.000","272764","Ella","Cat","American Shorthair",,"98107"
"2019-05-11T00:00:00.000","269331","Laverne","Cat","Domestic Shorthair",,"98115"
"2019-05-11T00:00:00.000","273800","Walter","Cat","Domestic Medium Hair",,"98105"
"2019-05-11T00:00:00.000","273799","Todd","Cat","Domestic Shorthair",,"98105"
"2019-05-11T00:00:00.000","S126653","Taco","Cat","Domestic Medium Hair","Mix","98125"
"2019-05-11T00:00:00.000","272379","Pickles","Cat","Domestic Shorthair",,"98115"
"2019-05-11T00:00:00.000","272382","Mittens","Cat","Domestic Shorthair",,"98115"
"2019-05-11T00:00:00.000","S147579","Clark","Cat","Domestic Shorthair","Mix","98144"
"2019-05-11T00:00:00.000","282524","Cleopatra","Cat","Ragdoll",,"98199"
"2019-05-11T00:00:00.000","8007923","Clio","Cat","LaPerm",,"98117"
"2019-05-11T00:00:00.000","8007924","Loki","Cat","Domestic Longhair","Mix","98109"
"2019-05-11T00:00:00.000","276521","Felix","Cat","Domestic Shorthair",,"98199"
"2019-05-11T00:00:00.000","S130169","Lala","Cat","Burmese","Mix","98119"
"2019-05-11T00:00:00.000","S147582","Rico","Cat","Domestic Shorthair","Mix","98105"
"2019-05-11T00:00:00.000","S147583","Jacqui","Cat","Siamese","Mix","98102"
"2019-05-11T00:00:00.000","361126","Greymalkin","Cat","Domestic Shorthair",,"98125"
"2019-05-11T00:00:00.000","278037","Sera","Cat","Domestic Shorthair",,"98136"
"2019-05-12T00:00:00.000","8007927","Rusty","Cat","Domestic Medium Hair",,"98107"
"2019-05-12T00:00:00.000","361464","Max","Cat","Domestic Medium Hair",,"98133"
"2019-05-12T00:00:00.000","361482","Tinkerbelle","Cat","Domestic Shorthair",,"98144"
"2019-05-12T00:00:00.000","276672","Darby","Cat","American Shorthair",,"98107"
"2019-05-12T00:00:00.000","8007931","Quentin","Cat","Domestic Medium Hair","Mix","98122"
"2019-05-12T00:00:00.000","276616","Buddy","Cat","Domestic Longhair",,"98122"
"2019-05-12T00:00:00.000","S147584","Po","Cat","Siamese","Mix","98109"
"2019-05-12T00:00:00.000","276998","Mercury","Cat","Domestic Longhair",,"98121"
"2019-05-12T00:00:00.000","282701","Zeke","Cat","Domestic Longhair",,"98144"
"2019-05-12T00:00:00.000","277199","Colby","Cat","Domestic Shorthair",,"98122"
"2019-05-12T00:00:00.000","277198","Stewie","Cat","Domestic Shorthair",,"98122"
"2019-05-12T00:00:00.000","282454","Vincent","Cat","Domestic Shorthair",,"98102"
"2019-05-12T00:00:00.000","361127","Banana","Cat","American Shorthair",,"98107"
"2019-05-12T00:00:00.000","361129","Stormy","Cat","American Shorthair",,"98107"
"2019-05-12T00:00:00.000","S130628","Artie","Cat","Domestic Shorthair",,"98103"
"2019-05-13T00:00:00.000","272430","Samantha","Cat","Abyssinian",,"98144"
"2019-05-13T00:00:00.000","282598","Nora Charles","Cat","Maine Coon","Mix","98117"
"2019-05-13T00:00:00.000","208717","Theodore","Cat","Domestic Shorthair",,"98103"
"2019-05-13T00:00:00.000","208702","Eloise","Cat","American Shorthair",,"98103"
"2019-05-13T00:00:00.000","S124404","Lucky Princess Bagheera","Cat","Domestic Shorthair",,"98125"
"2019-05-13T00:00:00.000","S124405","Shadow","Cat","Domestic Longhair","Siberian","98125"
"2019-05-13T00:00:00.000","S108529","Stasia","Cat","Domestic Medium Hair",,"98109"
"2019-05-13T00:00:00.000","352979","Natasha","Cat","Domestic Shorthair",,"98115"
"2019-05-13T00:00:00.000","361206","Boris","Cat","Domestic Shorthair",,"98115"
"2019-05-14T00:00:00.000","S130177","Willow","Cat","Domestic Shorthair","Mix","98107"
"2019-05-14T00:00:00.000","S118150","William","Cat","Domestic Shorthair","Mix","98136"
"2019-05-14T00:00:00.000","S130465","Beans","Cat","Siamese","Mix","98107"
"2019-05-14T00:00:00.000","208173","Jt","Cat","Domestic Longhair","Domestic Longhair","98125"
"2019-05-14T00:00:00.000","269262","Ginny Lee","Cat","Domestic Longhair",,"98136"
"2019-05-14T00:00:00.000","276769","Ollie","Cat","Domestic Shorthair",,"98105"
"2019-05-14T00:00:00.000","268196","Violet","Cat","Domestic Shorthair",,"98136"
"2019-05-14T00:00:00.000","361125","Kittyhawk","Cat","Bengal",,"98103"
"2019-05-14T00:00:00.000","S129880","Honey","Cat","Domestic Shorthair","Mix","98125"
"2019-05-14T00:00:00.000","276825","Katie","Cat","Domestic Shorthair",,"98112"
"2019-05-14T00:00:00.000","276874","Patsy","Cat","Domestic Shorthair",,"98115"
"2019-05-14T00:00:00.000","8008008","Lilah","Cat","Siamese","Mix","98102"
"2019-05-14T00:00:00.000","142532","Dolly","Cat","Domestic Medium Hair",,"98125"
"2019-05-14T00:00:00.000","142533","Molly","Cat","Domestic Shorthair",,"98125"
"2019-05-14T00:00:00.000","S129879","Bandersnatch","Cat","Domestic Shorthair","Mix","98103"
"2019-05-14T00:00:00.000","273640","Jack","Cat","Domestic Shorthair",,"98199"
"2019-05-14T00:00:00.000","282963","Amy","Cat","Domestic Shorthair",,"98103"
"2019-05-14T00:00:00.000","S126636","Asher","Cat","Domestic Shorthair","Mix","98118"
"2019-05-14T00:00:00.000","S131523","Walsh","Cat","Maine Coon",,"98122"
"2019-05-14T00:00:00.000","8008024","Rocky","Cat","American Shorthair",,"98133"
"2019-05-15T00:00:00.000","284771","Felix","Cat","Domestic Shorthair",,"98115"
"2019-05-15T00:00:00.000","S147590","Emily","Cat","Domestic Longhair","Mix","98122"
"2019-05-15T00:00:00.000","S147589","Mister Bandit","Cat","Snowshoe","Mix","98122"
"2019-05-15T00:00:00.000","8008042","orange","Cat","Domestic Shorthair","Mix","98117"
"2019-05-15T00:00:00.000","8008044","black","Cat","Domestic Shorthair","Mix","98117"
"2019-05-15T00:00:00.000","S130709","Meera","Cat","Siamese",,"98109"
"2019-05-15T00:00:00.000","284740","Prrr (renamed)","Cat","Domestic Shorthair",,"98112"
"2019-05-15T00:00:00.000","8008054","Macchiato","Cat","Maine Coon","Oriental Long Hair","98118"
"2019-05-15T00:00:00.000","208148","Penny","Cat","Domestic Shorthair",,"98122"
"2019-05-16T00:00:00.000","275748","Gusto","Cat","Domestic Longhair",,"98126"
"2019-05-16T00:00:00.000","276750","Bonya","Cat","Siamese",,"98109"
"2019-05-16T00:00:00.000","8008067","Dobby","Cat","Domestic Shorthair","Mix","98116"
"2019-05-16T00:00:00.000","276628","Kona","Cat","Domestic Medium Hair",,"98105"
"2019-05-16T00:00:00.000","276889","Baby","Cat","Domestic Shorthair",,"98116"
"2019-05-16T00:00:00.000","276629","Pogo","Cat","Domestic Shorthair",,"98105"
"2019-05-16T00:00:00.000","269900","Bella","Cat","Domestic Medium Hair",,"98119"
"2019-05-16T00:00:00.000","S146155","Bear","Cat","Domestic Medium Hair","Mix","98121"
"2019-05-16T00:00:00.000","S148421","Muchakucha","Cat","Domestic Shorthair","Mix","98133"
"2019-05-16T00:00:00.000","S148420","Chu Chu","Cat","Domestic Shorthair","Mix","98133"
"2019-05-16T00:00:00.000","282596","Zoey","Cat","Domestic Shorthair",,"98115"
"2019-05-17T00:00:00.000","S150526","Violet","Cat","Domestic Shorthair","Mix","98103"
"2019-05-17T00:00:00.000","273486","Mimi","Cat","Domestic Longhair",,"98119"
"2019-05-17T00:00:00.000","S150528","Kouji","Cat","Domestic Shorthair","Mix","98109"
"2019-05-17T00:00:00.000","S137498","Poquito","Cat","Domestic Longhair",,"98102"
"2019-05-17T00:00:00.000","S130612","Scarlett","Cat","Domestic Shorthair",,"98136"
"2019-05-17T00:00:00.000","8008107","Rosie","Cat","Domestic Shorthair","Mix","98106"
"2019-05-17T00:00:00.000","8008110","Rafael","Cat","American Shorthair","Mix","98104"
"2019-05-17T00:00:00.000","8008112","Daffodil","Cat","Domestic Medium Hair","Mix","98107"
"2019-05-17T00:00:00.000","361400","Dipper","Cat","Domestic Medium Hair",,"98107"
"2019-05-18T00:00:00.000","276800","Panch","Cat","Siamese","Manx","98117"
"2019-05-18T00:00:00.000","276799","Socks-Grilla","Cat","Domestic Shorthair",,"98117"
"2019-05-18T00:00:00.000","S117236","Buster","Cat","Domestic Medium Hair",,"98125"
"2019-05-18T00:00:00.000","142779","Lucille","Cat","Domestic Medium Hair",,"98125"
"2019-05-18T00:00:00.000","8008124","Daisy","Cat","American Shorthair","Mix","98116"
"2019-05-18T00:00:00.000","274094","Cleo","Cat","Domestic Medium Hair",,"98177"
"2019-05-18T00:00:00.000","272990","Lola","Cat","American Shorthair",,"98144"
"2019-05-18T00:00:00.000","272987","Mirabella","Cat","Domestic Medium Hair",,"98144"
"2019-05-18T00:00:00.000","272989","Jake","Cat","American Shorthair",,"98144"
"2019-05-18T00:00:00.000","198353","Pepper","Cat","Domestic Shorthair",,"98119"
"2019-05-18T00:00:00.000","S151427","Peetey Poo","Cat","Domestic Shorthair","Mix","98119"
"2019-05-18T00:00:00.000","S151428","Sasha","Cat","Domestic Longhair","Mix","98102"
"2019-05-18T00:00:00.000","284854","Kaylee","Cat","Domestic Shorthair",,"98107"
"2019-05-18T00:00:00.000","284855","Maxwell","Cat","Domestic Shorthair","Bengal","98107"
"2019-05-18T00:00:00.000","8008133","Shadow","Cat","Domestic Shorthair","Mix","98115"
"2019-05-18T00:00:00.000","S151429","Marceline","Cat","Domestic Medium Hair","Mix","98105"
"2019-05-18T00:00:00.000","S151430","Marshall Lee","Cat","Domestic Shorthair","Mix","98105"
"2019-05-18T00:00:00.000","8008139","Silo","Cat","Maine Coon","Mix","98126"
"2019-05-18T00:00:00.000","8008140","Max","Cat","Maine Coon","Mix","98126"
"2019-05-18T00:00:00.000","S129313","Boris","Cat","Domestic Shorthair","Mix","98115"
"2019-05-18T00:00:00.000","S151431","Ramses","Cat","Domestic Shorthair","Mix","98109"
"2019-05-18T00:00:00.000","208160","Misha","Cat","Domestic Medium Hair","Mix","98117"
"2019-05-18T00:00:00.000","S146156","Jaime","Cat","Domestic Shorthair","Mix","98117"
"2019-05-18T00:00:00.000","284890","Crosby","Cat","Maine Coon",,"98106"
"2019-05-18T00:00:00.000","8008149","Beelzebub","Cat","Domestic Shorthair","Mix","98105"
"2019-05-18T00:00:00.000","8008150","Salem","Cat","Siamese","Mix","98105"
"2019-05-18T00:00:00.000","S130157","Tux","Cat","Domestic Longhair","Mix","98121"
"2019-05-18T00:00:00.000","S130761","Madeline","Cat","American Shorthair",,"98119"
"2019-05-19T00:00:00.000","S153125","Kaylie","Cat","Domestic Shorthair","Mix","98103"
"2019-05-19T00:00:00.000","S153126","Sir","Cat","Domestic Shorthair","Mix","98119"
"2019-05-19T00:00:00.000","203379","Marshmellow","Cat","Domestic Medium Hair",,"98118"
"2019-05-19T00:00:00.000","142560","Chocolate","Cat","American Shorthair",,"98115"
"2019-05-19T00:00:00.000","142790","Lillian","Cat","Snowshoe",,"98126"
"2019-05-19T00:00:00.000","142791","Radar","Cat","Domestic Shorthair",,"98126"
"2019-05-19T00:00:00.000","S151437","Tiger","Cat","Domestic Shorthair","Mix","98119"
"2019-05-19T00:00:00.000","S151439","Rocket","Cat","Domestic Shorthair","Mix","98177"
"2019-05-19T00:00:00.000","8008168","Honeydew Melon","Cat","American Shorthair","Mix","98122"
"2019-05-19T00:00:00.000","8008169","Lewis","Cat","American Shorthair","Mix","98122"
"2019-05-19T00:00:00.000","8008170","Clark","Cat","American Shorthair","Mix","98122"
"2019-05-19T00:00:00.000","284734","Oscar","Cat","Domestic Medium Hair",,"98117"
"2019-05-19T00:00:00.000","272720","Lindy","Cat","Domestic Medium Hair",,"98103"
"2019-05-19T00:00:00.000","8008173","Josey","Cat","Domestic Shorthair","Mix","98125"
"2019-05-19T00:00:00.000","8008181","Pippen","Cat","Norwegian Forest","Mix","98117"
"2019-05-20T00:00:00.000","142765","Abby","Cat","Domestic Shorthair",,"98117"
"2019-05-20T00:00:00.000","S129615","Annie","Cat","Domestic Shorthair",,"98103"
"2019-05-20T00:00:00.000","8008190","Pablo","Cat","Domestic Medium Hair","Mix","98144"
"2019-05-20T00:00:00.000","215251","Penelope","Cat","Domestic Shorthair",,"98102"
"2019-05-20T00:00:00.000","215261","Tristan","Cat","Domestic Shorthair",,"98102"
"2019-05-20T00:00:00.000","208286","Big Byte","Cat","Domestic Shorthair",,"98103"
"2019-05-20T00:00:00.000","208278","Little Bit","Cat","Domestic Shorthair",,"98103"
"2019-05-20T00:00:00.000","204514","Monster Pantalones","Cat","Siamese",,"98105"
"2019-05-20T00:00:00.000","S102323","Telly","Cat","Domestic Shorthair",,"98117"
"2019-05-20T00:00:00.000","S130335","Nessie","Cat","Domestic Shorthair",,"98103"
"2019-05-20T00:00:00.000","142564","Hiccup","Cat","Domestic Shorthair",,"98103"
"2019-05-20T00:00:00.000","276927","Miayow","Cat","Siamese",,"98144"
"2019-05-20T00:00:00.000","8008212","Isabella","Cat","Domestic Longhair","Mix","98133"
"2019-05-20T00:00:00.000","8008215","Susan","Cat","American Shorthair","Mix","52246"
"2019-05-20T00:00:00.000","8008216","DOT","Cat","Domestic Medium Hair","Mix","98122"
"2019-05-20T00:00:00.000","142767","Guinness","Cat","Domestic Shorthair",,"98116"
"2019-05-20T00:00:00.000","202351","Evey","Cat","Abyssinian",,"98103"
"2019-05-20T00:00:00.000","282684","Rosa","Cat","Abyssinian",,"98115"
"2019-05-21T00:00:00.000","8008221","Ramona","Cat","American Shorthair",,"98104"
"2019-05-21T00:00:00.000","142548","Ixby","Cat","Domestic Shorthair",,"98107"
"2019-05-21T00:00:00.000","278036","Mamie","Cat","Domestic Shorthair","Mix","98116"
"2019-05-21T00:00:00.000","198075","Houdini","Cat","Domestic Shorthair",,"98136"
"2019-05-21T00:00:00.000","268583","Rorek","Cat","Domestic Medium Hair",,"98107"
"2019-05-21T00:00:00.000","282679","Chase","Cat","Domestic Medium Hair",,"98102"
"2019-05-21T00:00:00.000","282678","JoJo","Cat","Domestic Medium Hair",,"98102"
"2019-05-21T00:00:00.000","272112","Scooter","Cat","Maine Coon","Manx","98136"
"2019-05-21T00:00:00.000","S106926","Bella","Cat","American Shorthair",,"98116"
"2019-05-21T00:00:00.000","S106927","Dice","Cat","American Shorthair",,"98116"
"2019-05-21T00:00:00.000","8008245","Khajiit","Cat","Bengal","Mix","98106"
"2019-05-21T00:00:00.000","8008246","Echo","Cat","Domestic Shorthair","Mix","98106"
"2019-05-21T00:00:00.000","732240","Siena","Cat","Domestic Shorthair",,"98125"
"2019-05-21T00:00:00.000","208397","Sappho","Cat","Domestic Shorthair",,"98125"
"2019-05-21T00:00:00.000","208635","Higgs","Cat","Domestic Shorthair",,"98103"
"2019-05-22T00:00:00.000","208195","Nell","Cat","American Shorthair",,"98122"
"2019-05-22T00:00:00.000","8008256","Hygge","Cat","Domestic Shorthair","Mix","98102"
"2019-05-22T00:00:00.000","276592","Marley","Cat","Domestic Medium Hair",,"98122"
"2019-05-22T00:00:00.000","276591","Ziggy","Cat","Domestic Medium Hair",,"98122"
"2019-05-22T00:00:00.000","8008267","Kali","Cat","Domestic Shorthair","Mix","98177"
"2019-05-22T00:00:00.000","276585","Ellie","Cat","Domestic Shorthair","Mix","98146"
"2019-05-22T00:00:00.000","S128780","Amore","Cat","Domestic Shorthair","Mix","98119"
"2019-05-22T00:00:00.000","276763","Rasmus","Cat","Domestic Longhair",,"98103"
"2019-05-22T00:00:00.000","276755","Smilla","Cat","Domestic Shorthair",,"98103"
"2019-05-22T00:00:00.000","S130495","Shirley","Cat","Domestic Shorthair","Mix","98119"
"2019-05-22T00:00:00.000","S130496","Laverne","Cat","Domestic Shorthair","Mix","98119"
"2019-05-22T00:00:00.000","S151445","Luna","Cat","Domestic Shorthair","Mix","98105"
"2019-05-22T00:00:00.000","S130200","Gus","Cat","Domestic Medium Hair","Siberian","98136"
"2019-05-22T00:00:00.000","S151447","Cleocatra","Cat","Himalayan","Mix","98105"
"2019-05-22T00:00:00.000","S151446","Paw Allen","Cat","Domestic Shorthair","Mix","98105"
"2019-05-22T00:00:00.000","282544","Olive","Cat","Domestic Medium Hair",,"98121"
"2019-05-23T00:00:00.000","282718","Willow","Cat","Domestic Shorthair",,"98133"
"2019-05-23T00:00:00.000","S130079","Mandu","Cat","Domestic Shorthair",,"98126"
"2019-05-23T00:00:00.000","271092","Squeaky","Cat","Domestic Shorthair",,"98105"
"2019-05-23T00:00:00.000","S131010","Moxie","Cat","Domestic Shorthair",,"98109"
"2019-05-24T00:00:00.000","282455","Gracie","Cat","Domestic Shorthair",,"98101"
"2019-05-24T00:00:00.000","S113618","Hayat","Cat","Domestic Shorthair",,"98115"
"2019-05-24T00:00:00.000","209294","Midnight","Cat","Domestic Shorthair",,"98117"
"2019-05-24T00:00:00.000","273790","Bear","Cat","Domestic Shorthair",,"98136"
"2019-05-24T00:00:00.000","203653","Cookie","Cat","Domestic Medium Hair",,"98119"
"2019-05-24T00:00:00.000","S129600","Rimbaud","Cat","Russian Blue",,"98109"
"2019-05-24T00:00:00.000","S150535","Ike","Cat","Domestic Shorthair","Mix","98116"
"2019-05-24T00:00:00.000","S130908","Katharine","Cat","Domestic Medium Hair",,"98103"
"2019-05-24T00:00:00.000","277186","Micky","Cat","Domestic Medium Hair",,"98115"
"2019-05-24T00:00:00.000","361370","Francesca","Cat","Domestic Shorthair",,"98106"
"2019-05-24T00:00:00.000","S150536","Nick Fury","Cat","Domestic Medium Hair","Mix","98199"
"2019-05-24T00:00:00.000","S146159","Molly","Cat","Domestic Shorthair","Mix","98119"
"2019-05-24T00:00:00.000","S146160","Mittens","Cat","Domestic Medium Hair",,"98117"
"2019-05-24T00:00:00.000","S146162","Bear","Cat","Siamese","Mix","98103"
"2019-05-24T00:00:00.000","8008332","Bobo","Cat","Domestic Shorthair",,"98115"
"2019-05-25T00:00:00.000","S153129","Zappo","Cat","Domestic Shorthair","Mix","98115"
"2019-05-25T00:00:00.000","S153130","Tommy","Cat","Domestic Shorthair","Mix","98117"
"2019-05-25T00:00:00.000","215120","Lea","Cat","American Shorthair","Mix","98103"
"2019-05-25T00:00:00.000","S131322","Zoey","Cat","Siberian",,"98177"
"2019-05-25T00:00:00.000","S131321","Hobbes","Cat","Siberian",,"98177"
"2019-05-25T00:00:00.000","8008342","Tormund","Cat","Domestic Medium Hair","Mix","98122"
"2019-05-25T00:00:00.000","208022","Loopa","Cat","Himalayan",,"98103"
"2019-05-25T00:00:00.000","282517","Pepper","Cat","Domestic Shorthair",,"98125"
"2019-05-25T00:00:00.000","215895","Midnight","Cat","Domestic Shorthair",,"98116"
"2019-05-25T00:00:00.000","S147600","George","Cat","Domestic Shorthair","Mix","98102"
"2019-05-25T00:00:00.000","S147660","Brandi","Cat","Domestic Shorthair","Mix",
"2019-05-25T00:00:00.000","215211","Stella","Cat","Domestic Longhair",,"98103"
"2019-05-26T00:00:00.000","8008363","Grace","Cat","Domestic Shorthair","Mix","98133"
"2019-05-26T00:00:00.000","361221","Pete","Cat","Domestic Shorthair",,"98107"
"2019-05-26T00:00:00.000","S151448","Ebony","Cat","Domestic Shorthair","Mix","98103"
"2019-05-26T00:00:00.000","S151449","Jenny","Cat","Domestic Medium Hair","Mix","98102"
"2019-05-26T00:00:00.000","142534","Noobie","Cat","Domestic Shorthair",,"98125"
"2019-05-26T00:00:00.000","361201","Dickens","Cat","Domestic Shorthair",,"98177"
"2019-05-26T00:00:00.000","S147663","Nyx","Cat","Domestic Shorthair","Mix","98103"
"2019-05-26T00:00:00.000","S147664","Napoli","Cat","Domestic Shorthair",,"98105"
"2019-05-26T00:00:00.000","19178","Mister Moo","Cat","Domestic Shorthair",,"98133"
"2019-05-26T00:00:00.000","8008376","Ponzu","Cat","Domestic Shorthair","Mix","98121"
"2019-05-26T00:00:00.000","142493","Lucky","Cat","Domestic Shorthair",,"98108"
"2019-05-26T00:00:00.000","8008378","Jun","Cat","Domestic Shorthair","Mix","98136"
"2019-05-26T00:00:00.000","271637","Baily","Cat","Domestic Medium Hair",,"98125"
"2019-05-27T00:00:00.000","S131546","B.C.","Cat","American Shorthair",,"98115"
"2019-05-27T00:00:00.000","349768","Kamikaze","Cat","Domestic Shorthair",,"98102"
"2019-05-27T00:00:00.000","272793","Misha","Cat","Domestic Shorthair",,"98102"
"2019-05-28T00:00:00.000","8008419","Voodoo","Cat","American Shorthair","Mix","98199"
"2019-05-28T00:00:00.000","S126627","Azalea","Cat","Domestic Medium Hair","Mix","98199"
"2019-05-28T00:00:00.000","142483","Willy","Cat","Domestic Shorthair","Siamese","98117"
"2019-05-28T00:00:00.000","8008423","Evie","Cat","Devon Rex","Mix","98103"
"2019-05-28T00:00:00.000","S126626","Lilu","Cat","Domestic Longhair","Mix","98126"
"2019-05-28T00:00:00.000","S126625","Bean","Cat","Domestic Longhair","Mix","98126"
"2019-05-28T00:00:00.000","8008438","Gladys","Cat","Domestic Shorthair","Mix","98103"
"2019-05-28T00:00:00.000","8008440","Captain Kirk","Cat","Siamese","Mix","98122"
"2019-05-28T00:00:00.000","208204","Pinot","Cat","Domestic Shorthair",,"98117"
"2019-05-29T00:00:00.000","268530","Sigmund","Cat","Burmese",,"98106"
"2019-05-29T00:00:00.000","8008450","Miso","Cat","Domestic Shorthair","Mix","98118"
"2019-05-29T00:00:00.000","8008452","Lila","Cat","Domestic Shorthair","Mix","98118"
"2019-05-29T00:00:00.000","272436","Mariah","Cat","Domestic Shorthair",,"98115"
"2019-05-29T00:00:00.000","142893","Rudy","Cat","Domestic Shorthair",,"98126"
"2019-05-29T00:00:00.000","8008453","Shadow","Cat","Domestic Shorthair",,"98118"
"2019-05-29T00:00:00.000","S129581","Sophie","Cat","Domestic Shorthair","Mix","98116"
"2019-05-29T00:00:00.000","214985","Ducky","Cat","Domestic Shorthair",,"98117"
"2019-05-29T00:00:00.000","8008457","Izzy","Cat","Domestic Shorthair","Mix","98102"
"2019-05-29T00:00:00.000","S151453","Merry","Cat","Domestic Shorthair","Mix","98119"
"2019-05-29T00:00:00.000","S151454","Pippin","Cat","Domestic Shorthair","Mix","98119"
"2019-05-29T00:00:00.000","S147670","Lou","Cat","Domestic Shorthair","Mix","98106"
"2019-05-29T00:00:00.000","361237","Keiko","Cat","Domestic Shorthair",,"98125"
"2019-05-29T00:00:00.000","276824","Tenzing","Cat","Domestic Longhair",,"98118"
"2019-05-29T00:00:00.000","8008466","Oliver","Cat","Domestic Shorthair","Mix","98104"
"2019-05-30T00:00:00.000","8008469","Morris","Cat","Domestic Shorthair","Mix","98119"
"2019-05-30T00:00:00.000","S146165","Kitty","Cat","Domestic Shorthair","Mix","98122"
"2019-05-30T00:00:00.000","204693","Luigi","Cat","Domestic Shorthair",,"98177"
"2019-05-31T00:00:00.000","199250","Odin","Cat","Domestic Shorthair",,"98115"
"2019-05-31T00:00:00.000","8008508","Scarlett","Cat","Devon Rex",,"98136"
"2019-05-31T00:00:00.000","142567","George","Cat","Domestic Shorthair",,"98103"
"2019-05-31T00:00:00.000","S146166","Berkley","Cat","Domestic Shorthair","Mix","98107"
"2019-05-31T00:00:00.000","S146167","Billy","Cat","Domestic Shorthair","Mix","98103"
"2019-05-31T00:00:00.000","S146168","Betsy","Cat","Domestic Shorthair","Mix","98103"
"2019-05-31T00:00:00.000","72513","Talisman","Cat","Domestic Shorthair",,"98133"
"2019-05-31T00:00:00.000","269378","Nee","Cat","Domestic Medium Hair",,"98115"
"2019-05-31T00:00:00.000","268500","Koo","Cat","Domestic Shorthair",,"98115"
"2019-06-01T00:00:00.000","S153135","Batman","Cat","Domestic Shorthair","Mix","98126"
"2019-06-01T00:00:00.000","S153134","Tucker","Cat","Domestic Shorthair","Mix","98126"
"2019-06-01T00:00:00.000","204576","Doc Hudson","Cat","Domestic Shorthair",,"98125"
"2019-06-01T00:00:00.000","272635","Vivi","Cat","Domestic Shorthair","Mix","98119"
"2019-06-01T00:00:00.000","8008529","Loki Unn","Cat","Ragdoll",,"98119"
"2019-06-01T00:00:00.000","8008539","Princess Lollipop","Cat","Domestic Medium Hair","Mix","98118"
"2019-06-01T00:00:00.000","S150547","KC","Cat","Domestic Shorthair","Mix","98107"
"2019-06-01T00:00:00.000","142562","Victor","Cat","American Shorthair","British Shorthair","98117"
"2019-06-01T00:00:00.000","204734","Nick","Cat","Japanese Bobtail","Domestic Shorthair","98199"
"2019-06-01T00:00:00.000","S150551","Isabeau","Cat","American Shorthair","Mix","98107"
"2019-06-01T00:00:00.000","208746","Sweetheart","Cat","Domestic Medium Hair",,"98116"
"2019-06-01T00:00:00.000","8008548","Colby","Cat","Domestic Shorthair","Mix","98105"
"2019-06-01T00:00:00.000","8008549","Sweetie","Cat","Domestic Longhair","Mix","98105"
"2019-06-02T00:00:00.000","S126647","Belarus","Cat","Domestic Shorthair","Mix","98117"
"2019-06-02T00:00:00.000","8008560","Fitzgerald","Cat","American Shorthair","Mix","98117"
"2019-06-02T00:00:00.000","8008562","Havana","Cat","American Shorthair","Mix","98117"
"2019-06-02T00:00:00.000","S130816","Piper","Cat","Domestic Longhair",,"98115"
"2019-06-02T00:00:00.000","277248","Wash","Cat","Domestic Medium Hair","Siamese","98122"
"2019-06-02T00:00:00.000","C277249","Butters","Cat","Siamese","Domestic Shorthair","98122"
"2019-06-02T00:00:00.000","140335","Diego","Cat","Domestic Longhair",,"98117"
"2019-06-02T00:00:00.000","361390","Tiki","Cat","Manx","Domestic Shorthair","98106"
"2019-06-02T00:00:00.000","361389","Joey","Cat","Maine Coon","Domestic Longhair","98106"
"2019-06-02T00:00:00.000","268650","Starlight","Cat","Domestic Medium Hair",,"98177"
"2019-06-03T00:00:00.000","8008579","Woody","Cat","Domestic Shorthair","Mix","98199"
"2019-06-03T00:00:00.000","8008580","Melvin","Cat","Domestic Shorthair","Mix","98199"
"2019-06-03T00:00:00.000","204317","Minxy","Cat","Domestic Shorthair",,"98115"
"2019-06-03T00:00:00.000","8008584","Snickers","Cat","Siberian",,"98112"
"2019-06-03T00:00:00.000","8008592","Calvin","Cat","Maine Coon","Mix","98116"
"2019-06-03T00:00:00.000","8008596","Otis","Cat","Domestic Shorthair",,"98199"
"2019-06-03T00:00:00.000","8008599","R2D2","Cat","Domestic Shorthair","Mix","98119"
"2019-06-03T00:00:00.000","8008600","C3PO","Cat","Domestic Shorthair","Mix","98119"
"2019-06-03T00:00:00.000","444423","Hook","Cat","Domestic Shorthair",,"98116"
"2019-06-04T00:00:00.000","S153138","Frida","Cat","Domestic Shorthair","Mix","98115"
"2019-06-04T00:00:00.000","273964","Zoey","Cat","Domestic Shorthair",,"98103"
"2019-06-04T00:00:00.000","8008622","Finnigan","Cat","Domestic Shorthair","Ocicat","98146"
"2019-06-05T00:00:00.000","273530","Tortie","Cat","Domestic Shorthair",,"98199"
"2019-06-05T00:00:00.000","8008649","Jimmy Choo","Cat","Siamese","Mix","98109"
"2019-06-05T00:00:00.000","8008650","Kenzie","Cat","Mix","Mix","98109"
"2019-06-05T00:00:00.000","361198","Ginny","Cat","Domestic Shorthair",,"98112"
"2019-06-05T00:00:00.000","276587","Lily","Cat","Domestic Shorthair",,"98144"
"2019-06-05T00:00:00.000","276586","Rocko","Cat","Domestic Shorthair",,"98144"
"2019-06-05T00:00:00.000","215254","Lily","Cat","Domestic Longhair",,"98115"
"2019-06-05T00:00:00.000","351229","Lek","Cat","Siamese",,"98117"
"2019-06-05T00:00:00.000","353011","Peanuts","Cat","Domestic Shorthair",,"98199"
"2019-06-05T00:00:00.000","276594","Joey","Cat","Domestic Shorthair",,"98117"
"2019-06-05T00:00:00.000","S133022","Noodle","Cat","Domestic Shorthair",,"98112"
"2019-06-05T00:00:00.000","S134549","Ernie","Cat","Domestic Shorthair","Mix","98103"
"2019-06-05T00:00:00.000","S151475","Blanco","Cat","Domestic Longhair","Mix","98115"
"2019-06-05T00:00:00.000","S151476","Eevee","Cat","Domestic Shorthair","Mix","98107"
"2019-06-05T00:00:00.000","347336","Daisy","Cat","Domestic Longhair",,"98103"
"2019-06-05T00:00:00.000","282430","Asla","Cat","Domestic Shorthair","Mix","98115"
"2019-06-05T00:00:00.000","8008665","Hel","Cat","Domestic Longhair",,"98168"
"2019-06-05T00:00:00.000","445474","Mr. Tippy","Cat","Domestic Shorthair",,"98107"
"2019-06-05T00:00:00.000","8008667","Nance","Cat","Domestic Longhair","Mix","98112"
"2019-06-06T00:00:00.000","444384","Chai Son","Cat","Siamese",,"98112"
"2019-06-06T00:00:00.000","444385","Nara","Cat","Siamese",,"98112"
"2019-06-06T00:00:00.000","8008672","Henry","Cat","Domestic Shorthair","Mix","98117"
"2019-06-06T00:00:00.000","346567","Simba","Cat","Domestic Shorthair",,"98117"
"2019-06-06T00:00:00.000","S146171","Squeak","Cat","Ragdoll",,"98103"
"2019-06-06T00:00:00.000","S146172","Annie","Cat","Domestic Shorthair","Mix","98116"
"2019-06-06T00:00:00.000","345657","Boo","Cat","Domestic Medium Hair",,"98116"
"2019-06-06T00:00:00.000","345658","Mojo","Cat","Domestic Medium Hair",,"98116"
"2019-06-06T00:00:00.000","S146174","Niko","Cat","Domestic Longhair","Mix","98133"
"2019-06-06T00:00:00.000","276694","Lorraine","Cat","Domestic Shorthair",,"98103"
"2019-06-06T00:00:00.000","S146176","Red","Cat","Domestic Shorthair",,"98107"
"2019-06-06T00:00:00.000","S125814","Willow","Cat","American Shorthair",,"98107"
"2019-06-06T00:00:00.000","S125813","Elphaba","Cat","American Shorthair",,"98107"
"2019-06-06T00:00:00.000","S150558","Fawn","Cat","Domestic Medium Hair","Mix","98102"
"2019-06-06T00:00:00.000","S150559","Baby","Cat","Maine Coon","Mix","98102"
"2019-06-06T00:00:00.000","731058","B.C.","Cat","Domestic Shorthair",,"98125"
"2019-06-06T00:00:00.000","353212","Fifo","Cat","Domestic Shorthair",,"98122"
"2019-06-06T00:00:00.000","353208","Aleph","Cat","Domestic Shorthair",,"98122"
"2019-06-06T00:00:00.000","731069","Kira","Cat","American Shorthair",,"98126"
"2019-06-06T00:00:00.000","S132244","lafur","Cat","Domestic Longhair",,"98101"
"2019-06-06T00:00:00.000","79347","Mr Darcy","Cat","Domestic Shorthair",,"98103"
"2019-06-06T00:00:00.000","444243","Kitty","Cat","Domestic Shorthair",,"98125"
"2019-06-07T00:00:00.000","351371","Nicky","Cat","Domestic Longhair",,"98103"
"2019-06-07T00:00:00.000","361138","Nora","Cat","Domestic Medium Hair",,"98103"
"2019-06-07T00:00:00.000","356491","Nox","Cat","Domestic Shorthair",,"98106"
"2019-06-07T00:00:00.000","350926","Merlin","Cat","Domestic Shorthair",,"98115"
"2019-06-07T00:00:00.000","276762","Max","Cat","Abyssinian",,"98117"
"2019-06-07T00:00:00.000","353369","Blueberry","Cat","Domestic Shorthair","Mix","98122"
"2019-06-07T00:00:00.000","353370","Norman","Cat","Domestic Shorthair","Mix","98122"
"2019-06-07T00:00:00.000","S129881","Baxter","Cat","Domestic Shorthair","Mix","98125"
"2019-06-07T00:00:00.000","S126301","Bahti","Cat","Domestic Shorthair","Mix","98118"
"2019-06-07T00:00:00.000","353388","Siegfried","Cat","Domestic Medium Hair","Mix","98103"
"2019-06-07T00:00:00.000","353387","Tristan","Cat","Domestic Shorthair","Mix","98103"
"2019-06-07T00:00:00.000","347354","Clyde","Cat","Siamese",,"98118"
"2019-06-07T00:00:00.000","360237","Macy","Cat","Maine Coon",,"98101"
"2019-06-07T00:00:00.000","S132349","Pirate","Cat","Mix","Mix","98122"
"2019-06-07T00:00:00.000","444177","Thea","Cat","American Shorthair",,"98122"
"2019-06-07T00:00:00.000","444176","Dori","Cat","American Shorthair",,"98122"
"2019-06-07T00:00:00.000","276659","Honey","Cat","Domestic Shorthair",,"98126"
"2019-06-08T00:00:00.000","350323","Abigail","Cat","Domestic Shorthair",,"98107"
"2019-06-08T00:00:00.000","8008744","June","Cat","Domestic Shorthair",,"98115"
"2019-06-08T00:00:00.000","215242","Cassidy","Cat","LaPerm",,"98117"
"2019-06-08T00:00:00.000","S126363","Teddy","Cat","Domestic Medium Hair","Mix","98115"
"2019-06-08T00:00:00.000","444154","Jack","Cat","Domestic Shorthair",,"98101"
"2019-06-08T00:00:00.000","444153","Penny","Cat","Domestic Shorthair",,"98101"
"2019-06-08T00:00:00.000","282719","Moe","Cat","Domestic Shorthair",,"98117"
"2019-06-08T00:00:00.000","445473","Charlotte","Cat","LaPerm",,"98136"
"2019-06-09T00:00:00.000","S132029","Gizmo","Cat","Mix",,"98112"
"2019-06-09T00:00:00.000","350362","Felice","Cat","Domestic Shorthair",,"98117"
"2019-06-09T00:00:00.000","S130995","Heathrow","Cat","Maine Coon","Mix","98116"
"2019-06-09T00:00:00.000","361223","Buttercup","Cat","Domestic Shorthair",,"98199"
"2019-06-09T00:00:00.000","S132340","Follie","Cat","American Shorthair",,"98118"
"2019-06-09T00:00:00.000","S133014","Luna","Cat","Domestic Shorthair",,"98115"
"2019-06-09T00:00:00.000","S147677","Londen","Cat","Domestic Shorthair","Mix","98109"
"2019-06-09T00:00:00.000","S130865","Clinton","Cat","Domestic Shorthair","Mix","98117"
"2019-06-09T00:00:00.000","S130866","Claire","Cat","Domestic Shorthair","Mix","98117"
"2019-06-09T00:00:00.000","S126303","Thaddeus","Cat","Domestic Shorthair","Mix","98144"
"2019-06-09T00:00:00.000","276863","Milkshake","Cat","Domestic Shorthair",,"98103"
"2019-06-09T00:00:00.000","8008776","Chichi","Cat","American Shorthair","Mix","98103"
"2019-06-09T00:00:00.000","8008777","Baby Dreamer","Cat","Domestic Medium Hair","Mix","98103"
"2019-06-09T00:00:00.000","S151479","Lilly","Cat","Domestic Shorthair","Mix","98117"
"2019-06-09T00:00:00.000","351500","Pablo","Cat","Domestic Shorthair",,"98118"
"2019-06-09T00:00:00.000","S131055","Howdy","Cat","Domestic Medium Hair","Mix","98146"
"2019-06-09T00:00:00.000","S147678","Pirate","Cat","Domestic Longhair","Mix","98199"
"2019-06-09T00:00:00.000","S126638","Otto","Cat","Domestic Shorthair","Mix","98117"
"2019-06-09T00:00:00.000","S126639","Tobiko","Cat","Domestic Shorthair","Mix","98117"
"2019-06-09T00:00:00.000","350610","Marty","Cat","Domestic Shorthair",,"98103"
"2019-06-10T00:00:00.000","346410","Fiyero","Cat","Domestic Shorthair",,"98116"
"2019-06-10T00:00:00.000","346866","Perry","Cat","Domestic Shorthair",,"98117"
"2019-06-10T00:00:00.000","8008802","Della","Cat","Domestic Shorthair",,"98117"
"2019-06-10T00:00:00.000","8008804","Remy","Cat","Manx","Mix","98115"
"2019-06-10T00:00:00.000","S132030","Josie","Cat","Siamese","Oriental Shorthair","98112"
"2019-06-10T00:00:00.000","361134","Blue","Cat","American Shorthair",,"98136"
"2019-06-10T00:00:00.000","349755","Pie","Cat","Domestic Shorthair",,"98102"
"2019-06-10T00:00:00.000","349756","Hugo","Cat","Domestic Shorthair",,"98102"
"2019-06-10T00:00:00.000","344900","Sasha","Cat","Domestic Longhair",,"98117"
"2019-06-11T00:00:00.000","8008841","Tailor","Cat","American Shorthair","Mix","98105"
"2019-06-11T00:00:00.000","351228","Roger","Cat","Domestic Shorthair",,"98108"
"2019-06-11T00:00:00.000","351236","Shani","Cat","Domestic Longhair",,"98101"
"2019-06-11T00:00:00.000","349680","Mariah","Cat","Domestic Shorthair",,"98103"
"2019-06-11T00:00:00.000","349629","Orion","Cat","Domestic Shorthair",,"98103"
"2019-06-11T00:00:00.000","434406","Sebastian","Cat","Domestic Shorthair",,"98118"
"2019-06-11T00:00:00.000","S126675","Sharpie","Cat","Domestic Shorthair","Mix","98115"
"2019-06-11T00:00:00.000","444696","Temptation","Cat","LaPerm",,"98115"
"2019-06-11T00:00:00.000","S151482","Sandor","Cat","Siamese","Mix","98103"
"2019-06-11T00:00:00.000","351498","Grace","Cat","LaPerm",,"98126"
"2019-06-11T00:00:00.000","350410","Charlie","Cat","Domestic Longhair",,"98144"
"2019-06-11T00:00:00.000","S107636","Dave","Cat","Domestic Medium Hair",,"98133"
"2019-06-11T00:00:00.000","349964","Loki","Cat","Pixie-Bob",,"98133"
"2019-06-11T00:00:00.000","S107637","Larry","Cat","Domestic Medium Hair",,"98133"
"2019-06-11T00:00:00.000","S129873","Everett","Cat","Domestic Shorthair","Mix","98109"
"2019-06-11T00:00:00.000","8008854","Boo","Cat","American Shorthair","Mix","98104"
"2019-06-11T00:00:00.000","S126331","Samson","Cat","Domestic Shorthair","Mix","98105"
"2019-06-12T00:00:00.000","444362","Mus-Mus","Cat","Domestic Shorthair",,"98125"
"2019-06-12T00:00:00.000","348487","Bailey","Cat","Siamese",,"98105"
"2019-06-12T00:00:00.000","350370","George","Cat","Siberian",,"98125"
"2019-06-12T00:00:00.000","444217","Max","Cat","LaPerm",,"98107"
"2019-06-12T00:00:00.000","444216","Chico","Cat","LaPerm",,"98107"
"2019-06-12T00:00:00.000","356476","Goldie","Cat","Domestic Medium Hair",,"98126"
"2019-06-12T00:00:00.000","346613","Amy","Cat","Domestic Shorthair",,"98117"
"2019-06-12T00:00:00.000","S132127","Chase","Cat","Domestic Shorthair",,"98115"
"2019-06-12T00:00:00.000","584175","Mischief","Cat","Domestic Shorthair",,"98107"
"2019-06-12T00:00:00.000","S130680","Bear","Cat","Maine Coon","Mix","98107"
"2019-06-12T00:00:00.000","445471","Eli","Cat","Domestic Shorthair",,"98105"
"2019-06-12T00:00:00.000","8008877","Mac","Cat","Domestic Shorthair","Mix","98199"
"2019-06-12T00:00:00.000","8008878","Lucy","Cat","Domestic Shorthair","Mix","98199"
"2019-06-12T00:00:00.000","444951","Boca","Cat","Domestic Shorthair",,"98125"
"2019-06-12T00:00:00.000","444950","Bella","Cat","Domestic Shorthair",,"98125"
"2019-06-13T00:00:00.000","8008882","Shayla","Cat","American Shorthair","Mix","98107"
"2019-06-13T00:00:00.000","347240","Mia","Cat","Domestic Shorthair",,"98177"
"2019-06-13T00:00:00.000","8008888","Ellie","Cat","Abyssinian","Mix","98115"
"2019-06-13T00:00:00.000","S148461","Noodles","Cat","Domestic Shorthair","Mix","98105"
"2019-06-13T00:00:00.000","352633","Piper","Cat","Domestic Shorthair",,"98105"
"2019-06-13T00:00:00.000","444368","Koda","Cat","Domestic Medium Hair",,"98106"
"2019-06-13T00:00:00.000","8008898","Chai","Cat","Domestic Shorthair","Siamese","98121"
"2019-06-14T00:00:00.000","S132282","Jak Johnson Porada","Cat","Domestic Longhair","Norwegian Forest","98105"
"2019-06-14T00:00:00.000","8008904","Stella","Cat","Domestic Shorthair","Mix","93455"
"2019-06-14T00:00:00.000","142545","Moto","Cat","Domestic Medium Hair",,"98106"
"2019-06-14T00:00:00.000","S130696","Sammi","Cat","Domestic Longhair","Mix","98116"
"2019-06-14T00:00:00.000","345771","Delila","Cat","Domestic Shorthair",,"98112"
"2019-06-14T00:00:00.000","345772","Phoebe","Cat","Domestic Shorthair",,"98112"
"2019-06-14T00:00:00.000","350947","Tina","Cat","Domestic Shorthair",,"98133"
"2019-06-14T00:00:00.000","349711","Twiggy","Cat","Domestic Longhair",,"98122"
"2019-06-14T00:00:00.000","8008916","Thistle","Cat","American Shorthair","Mix","98121"
"2019-06-14T00:00:00.000","361360","Bonzo","Cat","Domestic Shorthair",,"98106"
"2019-06-14T00:00:00.000","353161","Knives","Cat","Domestic Shorthair",,"98105"
"2019-06-14T00:00:00.000","361251","Mama","Cat","American Shorthair",,"98136"
"2019-06-14T00:00:00.000","361250","Gigi","Cat","Domestic Longhair",,"98136"
"2019-06-15T00:00:00.000","351064","Lovefoxx","Cat","Domestic Longhair",,"98112"
"2019-06-15T00:00:00.000","355651","Cole","Cat","Domestic Shorthair",,"98117"
"2019-06-15T00:00:00.000","349889","Moosty","Cat","Domestic Shorthair",,"98103"
"2019-06-15T00:00:00.000","349888","Luna","Cat","Domestic Shorthair",,"98103"
"2019-06-15T00:00:00.000","S150571","Kitty","Cat","Domestic Shorthair","Mix","98109"
"2019-06-15T00:00:00.000","S130896","Flash","Cat","Domestic Shorthair","Mix","98103"
"2019-06-15T00:00:00.000","8008940","Zoe","Cat","American Shorthair","Mix","98133"
"2019-06-16T00:00:00.000","353166","Sophie","Cat","Domestic Shorthair",,"98144"
"2019-06-16T00:00:00.000","282457","Koa","Cat","Domestic Shorthair",,"98103"
"2019-06-16T00:00:00.000","S151489","Oreo","Cat","Domestic Shorthair","Mix","98107"
"2019-06-16T00:00:00.000","S125395","Kimi","Cat","Domestic Shorthair",,"98115"
"2019-06-17T00:00:00.000","S126375","Roxie","Cat","Domestic Shorthair","Mix","98119"
"2019-06-17T00:00:00.000","273987","Bella","Cat","Domestic Shorthair",,"98126"
"2019-06-17T00:00:00.000","S130766","Precious","Cat","Maine Coon","Domestic Medium Hair","98118"
"2019-06-17T00:00:00.000","8008963","Otis","Cat","American Shorthair","Mix","98118"
"2019-06-17T00:00:00.000","444876","Charlie III","Cat","Domestic Longhair",,"98199"
"2019-06-17T00:00:00.000","S147691","Tigger","Cat","Domestic Shorthair","Mix","98125"
"2019-06-17T00:00:00.000","274899","Carmelita","Cat","Domestic Shorthair",,"98118"
"2019-06-17T00:00:00.000","361363","Checkers","Cat","Domestic Shorthair",,"98117"
"2019-06-17T00:00:00.000","273395","Bo","Cat","Domestic Shorthair",,"98122"
"2019-06-17T00:00:00.000","351183","Trixi","Cat","Domestic Shorthair",,"98106"
"2019-06-17T00:00:00.000","361362","Daisy","Cat","Domestic Shorthair",,"98117"
"2019-06-17T00:00:00.000","276748","Mochi","Cat","Domestic Shorthair","Mix","98103"
"2019-06-17T00:00:00.000","8008984","Stormageddon","Cat","Domestic Shorthair","Mix","98103"
"2019-06-17T00:00:00.000","444959","Bill","Cat","Maine Coon",,"98121"
"2019-06-17T00:00:00.000","444960","Rani","Cat","Domestic Longhair",,"98121"
"2019-06-17T00:00:00.000","S126607","Rosita","Cat","Domestic Medium Hair","Mix","98103"
"2019-06-18T00:00:00.000","8008999","Blue","Cat","Mix","Mix","98104"
"2019-06-18T00:00:00.000","8009005","Sia","Cat","Domestic Shorthair","Mix","98103"
"2019-06-18T00:00:00.000","S132086","Target","Cat","Domestic Shorthair",,"98105"
"2019-06-18T00:00:00.000","S100614","Link","Cat","Domestic Shorthair","Mix","98119"
"2019-06-18T00:00:00.000","S130488","Buddy","Cat","Domestic Shorthair","Mix","98119"
"2019-06-18T00:00:00.000","S130786","Midnight","Cat","Russian Blue","Domestic Medium Hair","98119"
"2019-06-18T00:00:00.000","8009007","Maggie","Cat","Domestic Shorthair","Mix","98103"
"2019-06-18T00:00:00.000","351399","Kirby","Cat","Domestic Shorthair",,"98133"
"2019-06-18T00:00:00.000","S131257","Riley","Cat","Siamese","Mix","98112"
"2019-06-18T00:00:00.000","444390","Cali","Cat","Domestic Medium Hair",,"98133"
"2019-06-18T00:00:00.000","350152","SweetPea","Cat","Domestic Medium Hair","Maine Coon","98116"
"2019-06-18T00:00:00.000","8009027","Mabel","Cat","Mix",,"98117"
"2019-06-18T00:00:00.000","8009028","George","Cat","Mix","Domestic Shorthair","98117"
"2019-06-19T00:00:00.000","434836","Tofu","Cat","Domestic Shorthair",,"98107"
"2019-06-19T00:00:00.000","345645","Atticus Finch","Cat","Domestic Medium Hair",,"98105"
"2019-06-19T00:00:00.000","350314",,"Cat","Domestic Shorthair",,"98115"
"2019-06-19T00:00:00.000","350313",,"Cat","Domestic Shorthair",,"98115"
"2019-06-19T00:00:00.000","276582","Kate","Cat","Domestic Shorthair",,"98119"
"2019-06-19T00:00:00.000","350994","Princess Kiki","Cat","Domestic Medium Hair",,"98108"
"2019-06-19T00:00:00.000","337453","Popsi","Cat","Domestic Shorthair",,"98107"
"2019-06-19T00:00:00.000","353347","Moogie","Cat","Domestic Shorthair","Mix","98199"
"2019-06-19T00:00:00.000","351685","Sadie","Cat","Domestic Longhair",,"98136"
"2019-06-19T00:00:00.000","435318","Helix","Cat","Domestic Shorthair",,"98136"
"2019-06-19T00:00:00.000","S147694","Joker","Cat","Domestic Longhair","Mix","98104"
"2019-06-19T00:00:00.000","S147697","Murphy","Cat","Domestic Medium Hair","Mix","98102"
"2019-06-19T00:00:00.000","444235","Pippin","Cat","Ragdoll",,"98105"
"2019-06-19T00:00:00.000","S148472","Tofu","Cat","British Shorthair",,"98103"
"2019-06-19T00:00:00.000","S147699","Stella Blue","Cat","Domestic Shorthair","Mix","98105"
"2019-06-19T00:00:00.000","S130754","Khing","Cat","Persian",,"98125"
"2019-06-19T00:00:00.000","S130755","Sammy","Cat","Siamese",,"98125"
"2019-06-19T00:00:00.000","361189","Sunday","Cat","Siamese",,"98105"
"2019-06-19T00:00:00.000","361247","Earl Grey","Cat","American Shorthair",,"98115"
"2019-06-19T00:00:00.000","S133907","Dusky","Cat","Domestic Medium Hair",,"98115"
"2019-06-20T00:00:00.000","273967","Maxie","Cat","Domestic Shorthair",,"98118"
"2019-06-20T00:00:00.000","282420","Prince","Cat","Domestic Shorthair",,"98115"
"2019-06-20T00:00:00.000","S132142","Pirate","Cat","Domestic Shorthair","Mix","98117"
"2019-06-20T00:00:00.000","S132143","Henri","Cat","Domestic Medium Hair","Mix","98117"
"2019-06-20T00:00:00.000","S130756","Sassy","Cat","American Shorthair",,"98125"
"2019-06-20T00:00:00.000","8009074","Cookie","Cat","Domestic Longhair","Mix","98177"
"2019-06-20T00:00:00.000","S148477","Gilda","Cat","Domestic Shorthair","Mix","98121"
"2019-06-20T00:00:00.000","S148476","Lucinda","Cat","Domestic Shorthair","Mix","98121"
"2019-06-20T00:00:00.000","346928","Peekachoo","Cat","Domestic Shorthair",,"98117"
"2019-06-20T00:00:00.000","346929","Emily","Cat","Domestic Shorthair",,"98117"
"2019-06-20T00:00:00.000","268221","Mimi","Cat","Domestic Shorthair",,"98117"
"2019-06-20T00:00:00.000","276803","Alive","Cat","Domestic Shorthair",,"98118"
"2019-06-20T00:00:00.000","340721","Baby","Cat","Domestic Shorthair",,"98118"
"2019-06-20T00:00:00.000","361225","Cosette","Cat","Domestic Shorthair",,"98103"
"2019-06-21T00:00:00.000","276714","Mr. T","Cat","Domestic Shorthair",,"98107"
"2019-06-21T00:00:00.000","8009112","Lulu","Cat","Mix","Mix","98121"
"2019-06-21T00:00:00.000","361102","Oliver","Cat","LaPerm",,"98116"
"2019-06-21T00:00:00.000","S132354","Yuki","Cat","Japanese Bobtail",,"98115"
"2019-06-21T00:00:00.000","S150577","Johnny","Cat","Domestic Medium Hair","Mix","98199"
"2019-06-21T00:00:00.000","S150578","June","Cat","Domestic Medium Hair","Mix","98199"
"2019-06-21T00:00:00.000","8009119","Betty","Cat","Domestic Medium Hair","Mix","98119"
"2019-06-22T00:00:00.000","349751","Samson","Cat","Domestic Shorthair","Mix","98117"
"2019-06-22T00:00:00.000","273187","Pickle","Cat","Domestic Shorthair",,"98107"
"2019-06-22T00:00:00.000","215279","Louis","Cat","Domestic Shorthair",,"98103"
"2019-06-22T00:00:00.000","8009125","Xena","Cat","American Shorthair","Mix","98122"
"2019-06-22T00:00:00.000","273582","Moochie","Cat","Domestic Shorthair",,"98199"
"2019-06-22T00:00:00.000","S147810","Hayden","Cat","Persian",,"98116"
"2019-06-22T00:00:00.000","S132051","Marquis","Cat","Domestic Shorthair",,"98122"
"2019-06-23T00:00:00.000","444184","Maggie","Cat","Domestic Shorthair",,"98199"
"2019-06-23T00:00:00.000","444185","Mouse","Cat","Domestic Shorthair",,"98199"
"2019-06-23T00:00:00.000","347178","Taboo","Cat","Domestic Longhair",,"98105"
"2019-06-23T00:00:00.000","8009143","Lea","Cat","Domestic Shorthair",,"98109"
"2019-06-23T00:00:00.000","285000","Olive","Cat","Domestic Shorthair","Mix","98103"
"2019-06-23T00:00:00.000","284999","Rhea","Cat","Domestic Medium Hair",,"98103"
"2019-06-23T00:00:00.000","8009145","Muaji","Cat","Domestic Shorthair","Mix","98199"
"2019-06-23T00:00:00.000","361384","Eli","Cat","Bengal","Ocicat","98103"
"2019-06-23T00:00:00.000","361385","Oskar","Cat","Bengal","Ocicat","98103"
"2019-06-24T00:00:00.000","353233","Dora","Cat","Domestic Medium Hair",,"98103"
"2019-06-24T00:00:00.000","8009151","Little John","Cat","Ragdoll","Mix","98103"
"2019-06-24T00:00:00.000","8009152","Kitty","Cat","Domestic Medium Hair","Mix","98103"
"2019-06-24T00:00:00.000","S130670","Queen Sheba","Cat","Domestic Shorthair","Mix","98119"
"2019-06-24T00:00:00.000","8009156","Sophie","Cat","Domestic Shorthair","Mix","98103"
"2019-06-24T00:00:00.000","8009157","Olive","Cat","Domestic Shorthair","Mix","98103"
"2019-06-24T00:00:00.000","352258","Misty","Cat","Domestic Shorthair",,"98117"
"2019-06-24T00:00:00.000","273551","Mr. Murphy","Cat","Domestic Shorthair","Mix","98119"
"2019-06-24T00:00:00.000","433559","Daisy","Cat","Domestic Shorthair",,"98125"
"2019-06-24T00:00:00.000","272443","Buster","Cat","Domestic Shorthair",,"98125"
"2019-06-24T00:00:00.000","S131102","Venus","Cat","Domestic Shorthair",,"98122"
"2019-06-24T00:00:00.000","273346","Schmutz","Cat","Domestic Shorthair",,"98103"
"2019-06-24T00:00:00.000","S133105","Hector","Cat","Ragdoll",,"98199"
"2019-06-25T00:00:00.000","282783","Moneypenny","Cat","Domestic Shorthair",,"98115"
"2019-06-25T00:00:00.000","350247","Daniel","Cat","Domestic Shorthair",,"98103"
"2019-06-25T00:00:00.000","8007918","Kali","Cat","Domestic Shorthair",,"98133"
"2019-06-25T00:00:00.000","8009198","Link","Cat","Domestic Shorthair","Mix","98125"
"2019-06-25T00:00:00.000","8009199","Leo","Cat","Domestic Shorthair","Mix","98125"
"2019-06-25T00:00:00.000","8009200","Jasper","Cat","Domestic Shorthair","Mix","98125"
"2019-06-25T00:00:00.000","S130492","Yoshi","Cat","Domestic Medium Hair","Mix","98102"
"2019-06-25T00:00:00.000","8009202","Ozzy","Cat","Domestic Medium Hair","Mix","98133"
"2019-06-25T00:00:00.000","8009203","Hazelnut","Cat","Domestic Medium Hair","Mix","98133"
"2019-06-25T00:00:00.000","8009212","Siracha","Cat","Domestic Shorthair","Mix","98103"
"2019-06-25T00:00:00.000","357565","Pumpkin","Cat","British Shorthair",,"98125"
"2019-06-25T00:00:00.000","357564","Mulan","Cat","British Shorthair",,"98125"
"2019-06-25T00:00:00.000","8009214","Blue","Cat","Domestic Shorthair","Mix","98103"
"2019-06-26T00:00:00.000","S126318","Murphy","Cat","Domestic Medium Hair","Mix","98112"
"2019-06-26T00:00:00.000","8009220","Baby","Cat","Domestic Medium Hair","Mix","98371"
"2019-06-26T00:00:00.000","277139","Rufus","Cat","Domestic Medium Hair",,"98105"
"2019-06-26T00:00:00.000","S147817","Riley","Cat","Domestic Shorthair","Mix","98109"
"2019-06-26T00:00:00.000","S126332","Monty","Cat","Domestic Shorthair","Mix","98103"
"2019-06-26T00:00:00.000","S126333","Lola","Cat","Domestic Shorthair","Mix","98103"
"2019-06-26T00:00:00.000","8009231","Maria","Cat","Domestic Shorthair","Mix","98117"
"2019-06-26T00:00:00.000","S147818","Miss Kitty","Cat","Domestic Shorthair",,"98116"
"2019-06-26T00:00:00.000","8009238","Seamus Finnigan","Cat","Domestic Shorthair","Mix","98122"
"2019-06-26T00:00:00.000","8009239","Madonna","Cat","American Shorthair",,"98103"
"2019-06-27T00:00:00.000","S153153","Chalupa","Cat","Domestic Shorthair","Mix","98121"
"2019-06-27T00:00:00.000","S153152","Daisy","Cat","Domestic Shorthair","Mix","98115"
"2019-06-27T00:00:00.000","S133493","Wally","Cat","Domestic Shorthair","Mix","98109"
"2019-06-27T00:00:00.000","S102261","Ralphie","Cat","Siamese","Mix","98109"
"2019-06-27T00:00:00.000","S133494","Floyd","Cat","Domestic Shorthair","Mix","98109"
"2019-06-27T00:00:00.000","S148487","Luna","Cat","Domestic Shorthair","Mix","98103"
"2019-06-27T00:00:00.000","349769","Mose","Cat","Domestic Shorthair",,"98144"
"2019-06-27T00:00:00.000","347391","Blaise","Cat","Domestic Medium Hair",,"98119"
"2019-06-27T00:00:00.000","345808","Eve","Cat","Domestic Shorthair",,"98119"
"2019-06-27T00:00:00.000","282416","Banjo","Cat","Domestic Shorthair",,"98101"
"2019-06-27T00:00:00.000","351505","Jazz","Cat","Domestic Shorthair",,"98101"
"2019-06-27T00:00:00.000","444953","Kalimera","Cat","Domestic Longhair",,"98112"
